"날짜","종가","시가","고가","저가","거래량","변동 %"
"2025- 04- 04","3.824","4.148","4.151","3.811","223.84K","-7.59%"
"2025- 04- 03","4.138","4.011","4.203","3.968","165.41K","2.05%"
"2025- 04- 02","4.055","3.950","4.089","3.935","141.24K","2.63%"
"2025- 04- 01","3.951","4.132","4.148","3.934","156.69K","-4.08%"
"2025- 03- 31","4.119","4.176","4.253","4.055","171.86K","1.33%"
"2025- 03- 28","4.065","3.915","4.100","3.836","176.36K","2.91%"
"2025- 03- 27","3.950","3.859","4.016","3.689","5.09K","2.31%"
"2025- 03- 26","3.861","3.866","3.930","3.813","52.75K","0.55%"
"2025- 03- 25","3.840","3.909","3.990","3.796","50.29K","-1.89%"
"2025- 03- 24","3.914","3.880","4.012","3.862","78.99K","-2.73%"
"2025- 03- 21","4.024","4.035","4.089","3.931","118.07K","-0.35%"
"2025- 03- 20","4.038","4.280","4.312","4.027","141.55K","-6.38%"
"2025- 03- 19","4.313","4.110","4.322","4.102","113.39K","4.96%"
"2025- 03- 18","4.109","4.073","4.185","4.041","95.98K","0.56%"
"2025- 03- 17","4.086","4.187","4.278","4.046","88.75K","-0.44%"
"2025- 03- 14","4.104","4.040","4.141","3.962","144.41K","-0.17%"
"2025- 03- 13","4.111","4.032","4.195","3.955","227.07K","0.66%"
"2025- 03- 12","4.084","4.346","4.379","4.029","224.05K","-8.29%"
"2025- 03- 11","4.453","4.461","4.588","4.334","192.16K","-0.85%"
"2025- 03- 10","4.491","4.467","4.901","4.447","221.48K","2.09%"
"2025- 03- 07","4.399","4.286","4.426","4.132","211.90K","2.25%"
"2025- 03- 06","4.302","4.466","4.471","4.254","202.48K","-3.33%"
"2025- 03- 05","4.450","4.317","4.518","4.227","224.57K","2.30%"
"2025- 03- 04","4.350","4.168","4.551","4.056","350.51K","5.53%"
"2025- 03- 03","4.122","3.779","4.173","3.742","269.84K","7.51%"
"2025- 02- 28","3.834","3.939","3.954","3.814","141.99K","-2.54%"
"2025- 02- 27","3.934","3.966","4.065","3.878","171.40K","0.72%"
"2025- 02- 26","3.906","4.130","4.212","3.860","2.24K","-6.42%"
"2025- 02- 25","4.174","3.987","4.186","3.935","91.53K","4.51%"
"2025- 02- 24","3.994","4.065","4.090","3.906","82.87K","-5.67%"
"2025- 02- 21","4.234","4.174","4.444","4.148","164.32K","1.97%"
"2025- 02- 20","4.152","4.381","4.476","4.034","211.82K","-1.26%"
"2025- 02- 19","4.205","3.974","4.289","3.911","247.32K","5.73%"
"2025- 02- 18","3.977","3.610","3.981","3.557","203.90K","6.77%"
"2025- 02- 14","3.725","3.650","3.801","3.635","201.10K","2.67%"
"2025- 02- 13","3.628","3.591","3.786","3.583","305.90K","1.77%"
"2025- 02- 12","3.565","3.510","3.583","3.469","194.73K","1.31%"
"2025- 02- 11","3.519","3.442","3.576","3.431","219.16K","2.18%"
"2025- 02- 10","3.444","3.406","3.487","3.352","203.92K","4.08%"
"2025- 02- 07","3.309","3.380","3.435","3.296","188.70K","-2.90%"
"2025- 02- 06","3.408","3.355","3.434","3.303","177.67K","1.43%"
"2025- 02- 05","3.360","3.229","3.375","3.161","170.26K","3.29%"
"2025- 02- 04","3.253","3.327","3.350","3.168","182.53K","-2.95%"
"2025- 02- 03","3.352","3.230","3.407","3.230","273.51K","10.12%"
"2025- 01- 31","3.044","3.081","3.118","2.990","138.21K","-0.10%"
"2025- 01- 30","3.047","3.175","3.240","3.035","201.74K","-13.80%"
"2025- 01- 29","3.535","3.335","3.588","3.313","3.30K","1.84%"
"2025- 01- 28","3.471","3.699","3.720","3.361","63.82K","-6.11%"
"2025- 01- 27","3.697","3.785","3.827","3.609","66.94K","-8.19%"
"2025- 01- 24","4.027","3.933","4.050","3.808","87.57K","2.08%"
"2025- 01- 23","3.945","4.001","4.048","3.861","120.84K","12.52%"
"2025- 01- 22","3.506","3.371","3.532","3.321","138.13K","4.88%"
"2025- 01- 21","3.343","3.392","3.466","3.334","161.48K","-15.32%"
"2025- 01- 17","3.948","4.280","4.308","3.910","204.28K","-7.28%"
"2025- 01- 16","4.258","4.130","4.328","4.018","193.02K","4.29%"
"2025- 01- 15","4.083","3.955","4.141","3.859","169.34K","2.90%"
"2025- 01- 14","3.968","3.930","4.059","3.736","167.42K","0.86%"
"2025- 01- 13","3.934","4.347","4.369","3.845","195.51K","-1.38%"
"2025- 01- 10","3.989","3.709","4.018","3.685","229.11K","7.78%"
"2025- 01- 09","3.701","3.682","3.830","3.552","145.20K","1.37%"
"2025- 01- 08","3.651","3.448","3.694","3.427","189.26K","5.86%"
"2025- 01- 07","3.449","3.705","3.738","3.427","182.15K","-6.07%"
"2025- 01- 06","3.672","3.554","3.726","3.502","228.12K","9.48%"
"2025- 01- 03","3.354","3.669","3.680","3.330","188.09K","-8.36%"
"2025- 01- 02","3.660","3.656","3.801","3.541","156.67K","0.74%"
"2024- 12- 31","3.633","3.915","4.012","3.577","184.55K","-7.70%"
"2024- 12- 30","3.936","3.657","4.201","3.648","374.32K","12.01%"
"2024- 12- 27","3.514","3.707","3.887","3.370","2.52K","-5.41%"
"2024- 12- 26","3.715","3.970","4.010","3.652","67.21K","-5.85%"
"2024- 12- 24","3.946","3.695","3.958","3.666","66.85K","7.93%"
"2024- 12- 23","3.656","3.869","3.944","3.581","125.62K","7.15%"
"2024- 12- 20","3.412","3.327","3.457","3.264","165.73K","3.52%"
"2024- 12- 19","3.296","3.135","3.338","3.126","132.38K","5.81%"
"2024- 12- 18","3.115","3.123","3.175","3.084","111.29K","1.14%"
"2024- 12- 17","3.080","3.030","3.147","2.919","122.87K","13.99%"
"2024- 12- 16","2.702","2.710","2.727","2.672","89.64K","-17.62%"
"2024- 12- 13","3.280","3.458","3.489","3.264","213.64K","-5.07%"
"2024- 12- 12","3.455","3.364","3.559","3.282","328.09K","2.28%"
"2024- 12- 11","3.378","3.193","3.404","3.181","276.53K","6.80%"
"2024- 12- 10","3.163","3.189","3.193","3.069","233.88K","-0.60%"
"2024- 12- 09","3.182","3.260","3.324","3.137","258.43K","3.45%"
"2024- 12- 06","3.076","3.087","3.108","3.004","188.69K","-0.10%"
"2024- 12- 05","3.079","3.071","3.155","3.035","183.89K","1.18%"
"2024- 12- 04","3.043","3.048","3.088","2.977","171.70K","0.03%"
"2024- 12- 03","3.042","3.207","3.217","3.030","184.35K","-5.32%"
"2024- 12- 02","3.213","3.220","3.279","3.148","208.65K","-4.46%"
"2024- 11- 29","3.363","3.195","3.384","3.175","163.06K","4.96%"
"2024- 11- 27","3.204","3.468","3.470","3.189","214.29K","-6.62%"
"2024- 11- 26","3.431","3.330","3.500","3.255","3.24K","1.84%"
"2024- 11- 25","3.369","3.356","3.461","3.264","108.49K","7.67%"
"2024- 11- 22","3.129","3.390","3.563","3.071","95.81K","-6.29%"
"2024- 11- 21","3.339","3.216","3.451","3.195","192.16K","4.57%"
"2024- 11- 20","3.193","2.962","3.237","2.942","225.69K","-1.08%"
"2024- 11- 19","3.228","3.166","3.280","3.132","170.83K","1.32%"
"2024- 11- 18","3.186","3.198","3.220","3.088","167.48K","2.91%"
"2024- 11- 15","3.096","3.037","3.113","2.975","123.42K","1.38%"
"2024- 11- 14","3.054","3.201","3.201","3.036","149.36K","-4.62%"
"2024- 11- 13","3.202","3.137","3.234","3.057","161.61K","2.20%"
"2024- 11- 12","3.133","3.155","3.216","3.081","176.30K","0.22%"
"2024- 11- 11","3.126","3.013","3.169","3.009","146.08K","6.98%"
"2024- 11- 08","2.922","2.952","3.002","2.905","105.68K","-0.88%"
"2024- 11- 07","2.948","2.966","3.029","2.915","103.38K","-1.96%"
"2024- 11- 06","3.007","2.948","3.050","2.921","95.62K","2.42%"
"2024- 11- 05","2.936","3.042","3.070","2.915","93.38K","-3.29%"
"2024- 11- 04","3.036","2.849","3.053","2.800","109.06K","3.41%"
"2024- 11- 01","2.936","2.965","2.983","2.908","102.07K","-1.08%"
"2024- 10- 31","2.968","3.073","3.087","2.958","119.05K","-4.29%"
"2024- 10- 30","3.101","3.169","3.171","3.032","91.51K","8.46%"
"2024- 10- 29","2.859","2.841","2.908","2.794","143.88K","-0.14%"
"2024- 10- 28","2.863","3.044","3.044","2.801","253.31K","-7.41%"
"2024- 10- 25","3.092","3.017","3.101","2.967","144.71K","2.45%"
"2024- 10- 24","3.018","2.952","3.062","2.903","199.16K","4.03%"
"2024- 10- 23","2.901","2.878","2.980","2.848","121.31K","0.21%"
"2024- 10- 22","2.895","2.850","2.920","2.787","142.72K","3.14%"
"2024- 10- 21","2.807","2.740","2.862","2.712","111.07K","1.52%"
"2024- 10- 18","2.765","2.829","2.842","2.762","128.38K","-2.30%"
"2024- 10- 17","2.830","2.851","2.892","2.819","103.63K","-0.39%"
"2024- 10- 16","2.841","2.937","2.942","2.830","121.63K","-3.50%"
"2024- 10- 15","2.944","2.922","3.001","2.882","94.81K","0.48%"
"2024- 10- 14","2.930","3.030","3.039","2.915","80.92K","-3.84%"
"2024- 10- 11","3.047","3.115","3.146","3.030","81.89K","-1.77%"
"2024- 10- 10","3.102","3.099","3.128","3.048","94.80K","-0.45%"
"2024- 10- 09","3.116","3.176","3.185","3.084","88.81K","-2.59%"
"2024- 10- 08","3.199","3.202","3.230","3.162","75.26K","-0.59%"
"2024- 10- 07","3.218","3.282","3.316","3.197","104.32K","-2.63%"
"2024- 10- 04","3.305","3.370","3.406","3.288","83.10K","-1.90%"
"2024- 10- 03","3.369","3.329","3.387","3.303","59.49K","2.18%"
"2024- 10- 02","3.297","3.288","3.378","3.272","63.44K","0.27%"
"2024- 10- 01","3.288","3.330","3.338","3.253","69.60K","-1.70%"
"2024- 09- 30","3.345","3.302","3.368","3.274","67.90K","1.24%"
"2024- 09- 27","3.304","3.173","3.332","3.145","78.66K","20.01%"
"2024- 09- 26","2.753","2.829","2.883","2.731","187.37K","-2.27%"
"2024- 09- 25","2.817","2.814","2.887","2.795","183.26K","0.93%"
"2024- 09- 24","2.791","2.861","2.895","2.776","153.22K","-2.21%"
"2024- 09- 23","2.854","2.735","2.874","2.728","212.24K","4.97%"
"2024- 09- 20","2.719","2.603","2.743","2.582","183.09K","4.78%"
"2024- 09- 19","2.595","2.568","2.604","2.505","138.18K","1.17%"
"2024- 09- 18","2.565","2.606","2.656","2.560","95.43K","-1.84%"
"2024- 09- 17","2.613","2.645","2.691","2.603","118.35K","-0.99%"
"2024- 09- 16","2.639","2.580","2.656","2.547","108.85K","1.93%"
"2024- 09- 13","2.589","2.638","2.666","2.575","109.16K","-1.67%"
"2024- 09- 12","2.633","2.583","2.666","2.533","138.04K","2.17%"
"2024- 09- 11","2.577","2.538","2.597","2.513","114.66K","1.26%"
"2024- 09- 10","2.545","2.516","2.580","2.497","111.76K","0.71%"
"2024- 09- 09","2.527","2.557","2.581","2.506","109.25K","-2.70%"
"2024- 09- 06","2.597","2.580","2.615","2.561","60.76K","0.70%"
"2024- 09- 05","2.579","2.503","2.614","2.482","74.26K","2.91%"
"2024- 09- 04","2.506","2.541","2.612","2.499","62.74K","-1.73%"
"2024- 09- 03","2.550","2.512","2.571","2.439","97.33K","2.08%"
"2024- 08- 30","2.498","2.535","2.553","2.479","66.97K","-1.23%"
"2024- 08- 29","2.529","2.524","2.552","2.454","62.68K","20.60%"
"2024- 08- 28","2.097","2.085","2.140","2.021","165.22K","0.58%"
"2024- 08- 27","2.085","2.123","2.126","2.045","182.03K","-2.11%"
"2024- 08- 26","2.130","2.160","2.186","2.114","121.32K","-2.29%"
"2024- 08- 23","2.180","2.201","2.211","2.154","112.32K","-0.64%"
"2024- 08- 22","2.194","2.328","2.337","2.167","166.91K","-5.19%"
"2024- 08- 21","2.314","2.333","2.364","2.271","105.72K","-0.69%"
"2024- 08- 20","2.330","2.367","2.401","2.301","100.47K","-1.15%"
"2024- 08- 19","2.357","2.250","2.374","2.225","133.82K","4.90%"
"2024- 08- 16","2.247","2.341","2.343","2.237","107.16K","-3.64%"
"2024- 08- 15","2.332","2.345","2.421","2.317","121.87K","-0.47%"
"2024- 08- 14","2.343","2.288","2.395","2.272","126.59K","2.76%"
"2024- 08- 13","2.280","2.324","2.373","2.267","119.24K","-2.65%"
"2024- 08- 12","2.342","2.311","2.394","2.301","99.38K","2.18%"
"2024- 08- 09","2.292","2.290","2.333","2.247","103.64K","0.97%"
"2024- 08- 08","2.270","2.228","2.321","2.161","135.05K","1.38%"
"2024- 08- 07","2.239","2.133","2.247","2.125","118.66K","5.56%"
"2024- 08- 06","2.121","2.058","2.140","2.015","83.46K","3.72%"
"2024- 08- 05","2.045","2.069","2.083","1.991","69.66K","-1.59%"
"2024- 08- 02","2.078","2.114","2.147","2.041","87.31K","-0.86%"
"2024- 08- 01","2.096","2.158","2.243","2.093","97.44K","-3.05%"
"2024- 07- 31","2.162","2.241","2.261","2.149","79.09K","-3.65%"
"2024- 07- 30","2.244","2.189","2.252","2.113","71.34K","10.22%"
"2024- 07- 29","2.036","2.053","2.102","1.999","162.68K","-0.73%"
"2024- 07- 26","2.051","2.082","2.096","2.039","149.81K","-1.01%"
"2024- 07- 25","2.072","2.161","2.193","2.064","158.13K","-3.99%"
"2024- 07- 24","2.158","2.190","2.208","2.139","133.12K","-2.97%"
"2024- 07- 23","2.224","2.279","2.290","2.160","127.42K","-2.71%"
"2024- 07- 22","2.286","2.145","2.302","2.131","141.07K","5.59%"
"2024- 07- 19","2.165","2.128","2.179","2.095","101.00K","-0.14%"
"2024- 07- 18","2.168","2.088","2.172","2.063","147.92K","4.68%"
"2024- 07- 17","2.071","2.203","2.224","2.055","187.04K","-6.12%"
"2024- 07- 16","2.206","2.189","2.235","2.171","121.32K","1.29%"
"2024- 07- 15","2.178","2.283","2.284","2.167","162.46K","-6.56%"
"2024- 07- 12","2.331","2.287","2.357","2.252","101.06K","2.15%"
"2024- 07- 11","2.282","2.339","2.353","2.277","100.06K","-2.69%"
"2024- 07- 10","2.345","2.366","2.396","2.313","107.30K","-0.64%"
"2024- 07- 09","2.360","2.384","2.454","2.351","106.05K","-0.92%"
"2024- 07- 08","2.382","2.300","2.417","2.300","126.72K","1.36%"
"2024- 07- 05","2.350","2.459","2.466","2.347","98.43K","-0.89%"
"2024- 07- 04","2.371","2.431","2.439","2.335","","-3.11%"
"2024- 07- 03","2.447","2.485","2.503","2.434","70.97K","-0.29%"
"2024- 07- 02","2.454","2.482","2.497","2.436","96.17K","-1.52%"
"2024- 07- 01","2.492","2.581","2.599","2.474","107.00K","-4.08%"
"2024- 06- 28","2.598","2.694","2.749","2.591","80.15K","-2.88%"
"2024- 06- 27","2.675","2.725","2.773","2.665","61.99K","-2.55%"
"2024- 06- 26","2.745","2.850","2.863","2.731","141.35K","-4.12%"
"2024- 06- 25","2.863","2.943","2.951","2.831","158.42K","-2.88%"
"2024- 06- 24","2.948","2.813","2.953","2.780","139.60K","3.95%"
"2024- 06- 21","2.836","2.838","2.888","2.793","104.88K","-0.63%"
"2024- 06- 20","2.854","2.995","3.027","2.833","131.81K","-2.13%"
"2024- 06- 19","2.916","2.904","2.928","2.859","","-2.47%"
"2024- 06- 18","2.990","2.870","2.997","2.858","91.14K","4.29%"
"2024- 06- 17","2.867","2.930","2.930","2.837","96.87K","-3.24%"
"2024- 06- 14","2.963","3.000","3.068","2.950","80.26K","-2.44%"
"2024- 06- 13","3.037","3.104","3.167","2.978","94.27K","-2.72%"
"2024- 06- 12","3.122","3.194","3.194","3.073","101.31K","-2.22%"
"2024- 06- 11","3.193","3.046","3.221","3.031","85.32K","7.26%"
"2024- 06- 10","2.977","3.055","3.163","2.945","106.18K","-0.63%"
"2024- 06- 07","2.996","2.883","3.037","2.871","93.24K","3.60%"
"2024- 06- 06","2.892","2.829","2.946","2.796","73.60K","2.26%"
"2024- 06- 05","2.828","2.694","2.854","2.681","76.26K","5.92%"
"2024- 06- 04","2.670","2.814","2.874","2.656","87.22K","-4.78%"
"2024- 06- 03","2.804","2.716","2.850","2.688","99.26K","5.33%"
"2024- 05- 31","2.662","2.647","2.701","2.605","61.48K","0.57%"
"2024- 05- 30","2.647","2.715","2.731","2.637","73.51K","-0.71%"
"2024- 05- 29","2.666","2.836","2.848","2.655","161.40K","-5.63%"
"2024- 05- 28","2.825","2.761","2.853","2.732","211.82K","1.62%"
"2024- 05- 27","2.780","2.747","2.853","2.742","","1.16%"
"2024- 05- 26","2.748","2.747","2.760","2.732","","-0.90%"
"2024- 05- 24","2.773","2.938","2.965","2.759","165.96K","-5.13%"
"2024- 05- 23","2.923","3.004","3.161","2.896","274.51K","-4.23%"
"2024- 05- 22","3.052","2.834","3.060","2.786","213.50K","7.50%"
"2024- 05- 21","2.839","2.891","2.945","2.802","156.13K","-2.14%"
"2024- 05- 20","2.901","2.815","2.905","2.785","172.08K","4.02%"
"2024- 05- 17","2.789","2.681","2.809","2.673","146.53K","3.80%"
"2024- 05- 16","2.687","2.622","2.753","2.609","152.35K","2.13%"
"2024- 05- 15","2.631","2.559","2.637","2.542","129.40K","2.81%"
"2024- 05- 14","2.559","2.576","2.610","2.520","104.01K","-1.08%"
"2024- 05- 13","2.587","2.477","2.590","2.447","119.01K","4.15%"
"2024- 05- 10","2.484","2.539","2.567","2.473","119.37K","-2.09%"
"2024- 05- 09","2.537","2.470","2.561","2.438","160.91K","2.55%"
"2024- 05- 08","2.474","2.479","2.533","2.450","111.54K","0.12%"
"2024- 05- 07","2.471","2.476","2.493","2.423","92.67K","0.32%"
"2024- 05- 06","2.463","2.439","2.521","2.396","100.91K","1.95%"
"2024- 05- 03","2.416","2.333","2.430","2.305","104.78K","3.65%"
"2024- 05- 02","2.331","2.263","2.344","2.261","70.43K","2.87%"
"2024- 05- 01","2.266","2.285","2.300","2.255","74.76K","-2.29%"
"2024- 04- 30","2.319","2.394","2.420","2.287","80.03K","-2.28%"
"2024- 04- 29","2.373","2.282","2.391","2.279","80.44K","23.40%"
"2024- 04- 26","1.923","1.977","2.002","1.909","119.52K","-3.17%"
"2024- 04- 25","1.986","1.969","1.993","1.926","158.31K","0.35%"
"2024- 04- 24","1.979","2.128","2.133","1.960","182.16K","-5.49%"
"2024- 04- 23","2.094","2.070","2.140","2.018","150.38K","1.40%"
"2024- 04- 22","2.065","1.988","2.072","1.961","116.22K","3.87%"
"2024- 04- 19","1.988","1.974","2.029","1.951","112.54K","0.10%"
"2024- 04- 18","1.986","1.971","2.004","1.964","106.14K","1.22%"
"2024- 04- 17","1.962","1.940","1.976","1.914","97.83K","-1.31%"
"2024- 04- 16","1.988","1.946","2.046","1.907","133.97K","2.16%"
"2024- 04- 15","1.946","2.035","2.052","1.931","105.81K","-4.09%"
"2024- 04- 12","2.029","2.005","2.043","1.973","94.17K","1.45%"
"2024- 04- 11","2.000","2.061","2.074","1.992","120.91K","-3.57%"
"2024- 04- 10","2.074","2.085","2.118","2.054","86.43K","0.48%"
"2024- 04- 09","2.064","2.046","2.110","2.037","109.83K","0.63%"
"2024- 04- 08","2.051","1.996","2.057","1.975","96.95K","2.04%"
"2024- 04- 05","2.010","2.001","2.036","1.972","75.18K","0.65%"
"2024- 04- 04","1.997","2.068","2.074","1.992","93.95K","-3.39%"
"2024- 04- 03","2.067","2.093","2.136","2.060","56.65K","-1.81%"
"2024- 04- 02","2.105","2.075","2.115","2.018","66.68K","1.49%"
"2024- 04- 01","2.074","1.999","2.088","1.958","67.72K","3.86%"
"2024- 03- 28","1.997","1.954","2.017","1.928","45.87K","2.25%"
"2024- 03- 27","1.953","2.012","2.014","1.943","47.25K","9.23%"
"2024- 03- 26","1.788","1.805","1.830","1.775","123.17K","-0.06%"
"2024- 03- 25","1.789","1.817","1.825","1.758","147.53K","-1.27%"
"2024- 03- 22","1.812","1.838","1.859","1.791","105.07K","-1.04%"
"2024- 03- 21","1.831","1.839","1.855","1.797","143.83K","-0.76%"
"2024- 03- 20","1.845","1.882","1.900","1.824","136.83K","-1.65%"
"2024- 03- 19","1.876","1.844","1.890","1.832","122.80K","2.35%"
"2024- 03- 18","1.833","1.824","1.884","1.801","118.33K","2.46%"
"2024- 03- 15","1.789","1.875","1.893","1.781","137.15K","-3.92%"
"2024- 03- 14","1.862","1.791","1.884","1.761","136.51K","4.37%"
"2024- 03- 13","1.784","1.822","1.833","1.766","157.54K","-2.14%"
"2024- 03- 12","1.823","1.855","1.921","1.800","169.86K","-2.09%"
"2024- 03- 11","1.862","1.920","1.961","1.852","137.93K","-3.17%"
"2024- 03- 08","1.923","1.942","1.955","1.896","131.96K","-1.49%"
"2024- 03- 07","1.952","2.075","2.087","1.926","142.91K","-5.79%"
"2024- 03- 06","2.072","2.088","2.115","2.061","72.08K","-1.10%"
"2024- 03- 05","2.095","2.076","2.152","2.039","82.94K","1.06%"
"2024- 03- 04","2.073","2.012","2.132","2.011","116.37K","4.96%"
"2024- 03- 01","1.975","1.993","2.021","1.948","65.21K","-1.64%"
"2024- 02- 29","2.008","2.044","2.064","1.988","97.38K","-2.14%"
"2024- 02- 28","2.052","1.965","2.071","1.940","87.15K","13.50%"
"2024- 02- 27","1.808","1.751","1.838","1.710","179.94K","3.67%"
"2024- 02- 26","1.744","1.750","1.834","1.716","235.21K","2.65%"
"2024- 02- 23","1.699","1.817","1.819","1.683","161.17K","-7.26%"
"2024- 02- 22","1.832","1.863","1.868","1.752","183.31K","-1.66%"
"2024- 02- 21","1.863","1.792","1.877","1.749","233.77K","13.18%"
"2024- 02- 20","1.646","1.620","1.783","1.600","178.44K","5.65%"
"2024- 02- 19","1.558","1.552","1.583","1.540","","0.45%"
"2024- 02- 18","1.551","1.527","1.565","1.527","","-7.68%"
"2024- 02- 16","1.680","1.654","1.704","1.638","146.71K","2.00%"
"2024- 02- 15","1.647","1.672","1.718","1.633","142.08K","-1.08%"
"2024- 02- 14","1.665","1.725","1.744","1.640","162.74K","-4.42%"
"2024- 02- 13","1.742","1.793","1.826","1.707","195.55K","-3.22%"
"2024- 02- 12","1.800","1.841","1.890","1.770","154.30K","-4.51%"
"2024- 02- 09","1.885","1.915","1.921","1.852","141.20K","-3.23%"
"2024- 02- 08","1.948","1.981","1.994","1.900","130.05K","-1.62%"
"2024- 02- 07","1.980","2.000","2.035","1.967","108.62K","-1.35%"
"2024- 02- 06","2.007","2.054","2.072","1.996","85.69K","-3.23%"
"2024- 02- 05","2.074","2.114","2.130","2.045","72.51K","-0.58%"
"2024- 02- 02","2.086","2.067","2.106","2.034","61.51K","1.07%"
"2024- 02- 01","2.064","2.151","2.177","2.047","90.38K","-2.69%"
"2024- 01- 31","2.121","2.112","2.175","2.063","63.90K","0.81%"
"2024- 01- 30","2.104","2.095","2.143","2.082","71.41K","2.43%"
"2024- 01- 29","2.054","2.159","2.166","2.047","164.62K","-5.56%"
"2024- 01- 26","2.175","2.190","2.235","2.093","214.99K","-0.23%"
"2024- 01- 25","2.180","2.288","2.334","2.158","188.52K","-3.63%"
"2024- 01- 24","2.262","2.213","2.290","2.190","182.13K","4.38%"
"2024- 01- 23","2.167","2.133","2.194","2.079","141.10K","1.98%"
"2024- 01- 22","2.125","2.165","2.187","2.114","184.49K","-5.64%"
"2024- 01- 19","2.252","2.420","2.421","2.237","169.18K","-6.67%"
"2024- 01- 18","2.413","2.496","2.496","2.364","138.74K","-3.33%"
"2024- 01- 17","2.496","2.438","2.516","2.402","126.63K","0.77%"
"2024- 01- 16","2.477","2.545","2.545","2.409","174.05K","-19.21%"
"2024- 01- 15","3.066","3.112","3.188","3.055","","-1.45%"
"2024- 01- 14","3.111","3.104","3.137","3.077","","18.88%"
"2024- 01- 12","2.617","2.557","2.647","2.543","172.29K","3.03%"
"2024- 01- 11","2.540","2.551","2.644","2.494","179.05K","-0.86%"
"2024- 01- 10","2.562","2.697","2.710","2.535","186.15K","-5.01%"
"2024- 01- 09","2.697","2.565","2.791","2.529","248.56K","3.81%"
"2024- 01- 08","2.598","2.649","2.654","2.430","173.15K","-0.88%"
"2024- 01- 05","2.621","2.580","2.631","2.467","118.41K","2.42%"
"2024- 01- 04","2.559","2.472","2.590","2.467","118.26K","4.53%"
"2024- 01- 03","2.448","2.381","2.503","2.367","110.28K","2.60%"
"2024- 01- 02","2.386","2.398","2.467","2.349","83.73K","-10.54%"
"2024- 01- 01","2.667","2.614","2.670","2.614","","14.61%"
"2023- 12- 29","2.327","2.371","2.395","2.307","69.88K","-2.10%"
"2023- 12- 28","2.377","2.302","2.392","2.266","68.45K","-2.46%"
"2023- 12- 27","2.437","2.429","2.570","2.429","129.27K","0.74%"
"2023- 12- 26","2.419","2.445","2.445","2.356","114.52K","0.04%"
"2023- 12- 25","2.418","2.425","2.442","2.415","","-2.89%"
"2023- 12- 22","2.490","2.465","2.501","2.410","90.40K","1.26%"
"2023- 12- 21","2.459","2.331","2.492","2.313","139.73K","4.77%"
"2023- 12- 20","2.347","2.425","2.451","2.317","116.98K","-0.80%"
"2023- 12- 19","2.366","2.429","2.440","2.288","124.83K","-2.07%"
"2023- 12- 18","2.416","2.434","2.509","2.411","96.99K","-0.37%"
"2023- 12- 15","2.425","2.366","2.467","2.327","114.21K","3.32%"
"2023- 12- 14","2.347","2.309","2.374","2.280","101.86K","2.40%"
"2023- 12- 13","2.292","2.225","2.342","2.187","148.82K","2.32%"
"2023- 12- 12","2.240","2.359","2.369","2.223","113.43K","-4.68%"
"2023- 12- 11","2.350","2.408","2.417","2.217","144.30K","-6.15%"
"2023- 12- 08","2.504","2.487","2.534","2.459","88.30K","-0.63%"
"2023- 12- 07","2.520","2.522","2.555","2.436","125.25K","0.12%"
"2023- 12- 06","2.517","2.658","2.707","2.492","82.95K","-5.62%"
"2023- 12- 05","2.667","2.655","2.738","2.632","42.49K","0.60%"
"2023- 12- 04","2.651","2.685","2.704","2.608","53.83K","-4.40%"
"2023- 12- 01","2.773","2.770","2.801","2.712","48.47K","0.36%"
"2023- 11- 30","2.763","2.761","2.814","2.724","44.65K","-0.22%"
"2023- 11- 29","2.769","2.757","2.830","2.728","46.45K","-2.40%"
"2023- 11- 28","2.837","2.947","2.992","2.786","187.19K","-3.70%"
"2023- 11- 27","2.946","2.924","2.956","2.867","164.41K","-1.77%"
"2023- 11- 24","2.999","3.035","3.095","2.933","118.87K","2.35%"
"2023- 11- 23","2.930","2.880","2.938","2.861","","-3.40%"
"2023- 11- 22","3.033","2.994","3.055","2.961","139.53K","1.34%"
"2023- 11- 21","2.993","3.047","3.084","2.986","131.77K","-1.87%"
"2023- 11- 20","3.050","3.115","3.134","3.040","121.19K","-2.59%"
"2023- 11- 17","3.131","3.227","3.275","3.068","146.65K","-3.33%"
"2023- 11- 16","3.239","3.326","3.407","3.188","166.40K","-3.66%"
"2023- 11- 15","3.362","3.316","3.448","3.269","109.45K","1.39%"
"2023- 11- 14","3.316","3.435","3.465","3.297","102.15K","-2.47%"
"2023- 11- 13","3.400","3.313","3.438","3.311","127.12K","3.53%"
"2023- 11- 10","3.284","3.327","3.343","3.273","87.04K","-1.47%"
"2023- 11- 09","3.333","3.400","3.426","3.299","111.08K","-1.65%"
"2023- 11- 08","3.389","3.496","3.514","3.345","131.59K","-2.14%"
"2023- 11- 07","3.463","3.566","3.593","3.458","124.13K","-2.83%"
"2023- 11- 06","3.564","3.660","3.693","3.556","105.29K","-6.09%"
"2023- 11- 03","3.795","3.794","3.856","3.738","53.25K","1.20%"
"2023- 11- 02","3.750","3.763","3.799","3.673","67.46K","-0.08%"
"2023- 11- 01","3.753","3.840","3.841","3.684","77.52K","-1.57%"
"2023- 10- 31","3.813","3.567","3.865","3.558","150.58K","6.24%"
"2023- 10- 30","3.589","3.639","3.647","3.563","56.27K","3.04%"
"2023- 10- 27","3.483","3.511","3.643","3.435","140.96K","0.17%"
"2023- 10- 26","3.477","3.399","3.544","3.363","190.45K","2.99%"
"2023- 10- 25","3.376","3.331","3.406","3.317","96.49K","1.63%"
"2023- 10- 24","3.322","3.278","3.349","3.253","114.03K","1.50%"
"2023- 10- 23","3.273","3.250","3.297","3.216","100.09K","0.46%"
"2023- 10- 20","3.258","3.324","3.329","3.247","123.46K","-2.04%"
"2023- 10- 19","3.326","3.485","3.498","3.317","100.08K","-3.96%"
"2023- 10- 18","3.463","3.450","3.542","3.441","80.98K","-0.14%"
"2023- 10- 17","3.468","3.481","3.512","3.408","78.13K","-0.32%"
"2023- 10- 16","3.479","3.539","3.539","3.438","99.21K","-2.93%"
"2023- 10- 13","3.584","3.636","3.639","3.535","75.91K","-1.51%"
"2023- 10- 12","3.639","3.659","3.699","3.582","69.22K","-0.52%"
"2023- 10- 11","3.658","3.679","3.725","3.525","92.68K","-0.03%"
"2023- 10- 10","3.659","3.642","3.695","3.603","76.43K","0.77%"
"2023- 10- 09","3.631","3.657","3.756","3.595","84.31K","-0.27%"
"2023- 10- 06","3.641","3.537","3.659","3.521","106.07K","3.70%"
"2023- 10- 05","3.511","3.334","3.547","3.324","76.34K","5.75%"
"2023- 10- 04","3.320","3.307","3.396","3.303","56.63K","0.21%"
"2023- 10- 03","3.313","3.237","3.327","3.216","41.76K","2.47%"
"2023- 10- 02","3.233","3.326","3.333","3.224","45.62K","-2.39%"
"2023- 09- 29","3.312","3.343","3.382","3.255","38.96K","-0.84%"
"2023- 09- 28","3.340","3.290","3.356","3.269","39.84K","15.21%"
"2023- 09- 27","2.899","2.858","2.947","2.850","136.01K","1.90%"
"2023- 09- 26","2.845","2.904","2.906","2.796","167.23K","-2.10%"
"2023- 09- 25","2.906","2.889","2.937","2.862","105.42K","0.94%"
"2023- 09- 22","2.879","2.844","2.912","2.834","105.57K","1.37%"
"2023- 09- 21","2.840","2.925","2.963","2.832","123.55K","-2.77%"
"2023- 09- 20","2.921","3.009","3.016","2.901","145.73K","-3.47%"
"2023- 09- 19","3.026","2.994","3.072","2.975","128.38K","0.83%"
"2023- 09- 18","3.001","2.918","3.009","2.878","115.14K","2.35%"
"2023- 09- 15","2.932","2.987","2.997","2.927","87.64K","-1.71%"
"2023- 09- 14","2.983","3.005","3.088","2.975","112.57K","-0.13%"
"2023- 09- 13","2.987","3.019","3.042","2.953","132.25K","-0.93%"
"2023- 09- 12","3.015","2.949","3.061","2.930","135.12K","2.66%"
"2023- 09- 11","2.937","2.971","2.973","2.909","79.98K","-0.98%"
"2023- 09- 08","2.966","2.946","3.025","2.942","68.75K","0.27%"
"2023- 09- 07","2.958","2.945","3.004","2.901","73.22K","0.51%"
"2023- 09- 06","2.943","2.994","3.018","2.920","55.16K","-1.60%"
"2023- 09- 05","2.991","3.050","3.075","2.976","72.21K","13.00%"
"2023- 09- 04","2.647","2.671","2.708","2.642","","-0.90%"
"2023- 09- 03","2.671","2.692","2.694","2.652","","-14.14%"
"2023- 09- 01","3.111","3.136","3.213","3.096","55.19K","-1.14%"
"2023- 08- 31","3.147","3.191","3.242","3.117","68.87K","-1.07%"
"2023- 08- 30","3.181","3.083","3.196","3.039","60.75K","19.50%"
"2023- 08- 29","2.662","2.685","2.699","2.622","145.38K","-0.11%"
"2023- 08- 28","2.665","2.740","2.829","2.653","189.03K","0.30%"
"2023- 08- 25","2.657","2.631","2.679","2.585","99.62K","0.80%"
"2023- 08- 24","2.636","2.583","2.680","2.529","153.98K","1.70%"
"2023- 08- 23","2.592","2.654","2.673","2.570","113.80K","-2.26%"
"2023- 08- 22","2.652","2.732","2.737","2.632","101.07K","-3.32%"
"2023- 08- 21","2.743","2.710","2.797","2.685","81.30K","1.93%"
"2023- 08- 18","2.691","2.763","2.774","2.663","92.12K","-2.32%"
"2023- 08- 17","2.755","2.742","2.795","2.715","77.88K","1.06%"
"2023- 08- 16","2.726","2.780","2.797","2.705","95.06K","-1.98%"
"2023- 08- 15","2.781","2.913","2.961","2.765","106.34K","-4.04%"
"2023- 08- 14","2.898","2.897","2.932","2.851","64.16K","0.56%"
"2023- 08- 11","2.882","2.890","2.939","2.817","82.58K","0.42%"
"2023- 08- 10","2.870","3.062","3.089","2.857","102.46K","-5.99%"
"2023- 08- 09","3.053","2.883","3.096","2.855","138.90K","6.60%"
"2023- 08- 08","2.864","2.828","2.886","2.783","73.72K","1.81%"
"2023- 08- 07","2.813","2.681","2.844","2.674","81.54K","4.92%"
"2023- 08- 04","2.681","2.658","2.720","2.635","38.24K","0.41%"
"2023- 08- 03","2.670","2.592","2.685","2.580","46.83K","3.25%"
"2023- 08- 02","2.586","2.689","2.690","2.570","51.00K","-3.22%"
"2023- 08- 01","2.672","2.747","2.778","2.644","46.74K","-2.52%"
"2023- 07- 31","2.741","2.768","2.804","2.720","40.53K","-0.44%"
"2023- 07- 28","2.753","2.717","2.801","2.682","44.86K","6.09%"
"2023- 07- 27","2.595","2.684","2.691","2.551","166.76K","-3.64%"
"2023- 07- 26","2.693","2.734","2.759","2.650","139.07K","-1.97%"
"2023- 07- 25","2.747","2.707","2.771","2.672","146.12K","2.19%"
"2023- 07- 24","2.688","2.713","2.762","2.661","109.32K","-0.70%"
"2023- 07- 21","2.707","2.718","2.759","2.684","103.19K","-0.88%"
"2023- 07- 20","2.731","2.611","2.759","2.599","147.71K","5.65%"
"2023- 07- 19","2.585","2.612","2.642","2.570","81.16K","-1.26%"
"2023- 07- 18","2.618","2.529","2.634","2.522","101.52K","4.55%"
"2023- 07- 17","2.504","2.541","2.569","2.477","90.91K","-1.03%"
"2023- 07- 14","2.530","2.545","2.592","2.487","115.68K","-0.16%"
"2023- 07- 13","2.534","2.622","2.631","2.528","120.19K","-2.43%"
"2023- 07- 12","2.597","2.697","2.712","2.586","99.29K","-3.53%"
"2023- 07- 11","2.692","2.639","2.716","2.606","81.34K","1.93%"
"2023- 07- 10","2.641","2.566","2.671","2.562","72.91K","2.76%"
"2023- 07- 07","2.570","2.623","2.665","2.526","46.47K","-1.12%"
"2023- 07- 06","2.599","2.637","2.678","2.579","53.43K","-1.66%"
"2023- 07- 05","2.643","2.694","2.780","2.630","57.57K","-3.93%"
"2023- 07- 04","2.751","2.689","2.758","2.662","","1.81%"
"2023- 07- 03","2.702","2.710","2.728","2.661","42.57K","-2.60%"
"2023- 06- 30","2.774","2.664","2.801","2.629","67.45K","3.08%"
"2023- 06- 29","2.691","2.642","2.734","2.607","64.21K","0.86%"
"2023- 06- 28","2.668","2.807","2.878","2.647","137.91K","-4.34%"
"2023- 06- 27","2.789","2.881","2.895","2.759","167.92K","-3.56%"
"2023- 06- 26","2.892","2.878","2.936","2.828","153.70K","1.72%"
"2023- 06- 23","2.843","2.707","2.852","2.611","142.28K","5.14%"
"2023- 06- 22","2.704","2.675","2.714","2.612","93.24K","1.01%"
"2023- 06- 21","2.677","2.563","2.684","2.527","96.97K","4.16%"
"2023- 06- 20","2.570","2.720","2.783","2.562","135.94K","-2.76%"
"2023- 06- 19","2.643","2.604","2.683","2.569","","1.58%"
"2023- 06- 18","2.602","2.613","2.623","2.598","","-4.37%"
"2023- 06- 16","2.721","2.627","2.733","2.594","109.35K","4.29%"
"2023- 06- 15","2.609","2.424","2.639","2.394","143.19K","8.12%"
"2023- 06- 14","2.413","2.403","2.455","2.368","81.11K","0.25%"
"2023- 06- 13","2.407","2.352","2.433","2.344","75.35K","3.04%"
"2023- 06- 12","2.336","2.380","2.401","2.282","71.02K","0.21%"
"2023- 06- 09","2.331","2.402","2.415","2.325","69.63K","-4.23%"
"2023- 06- 08","2.434","2.431","2.469","2.368","79.73K","0.04%"
"2023- 06- 07","2.433","2.381","2.456","2.369","63.56K","2.18%"
"2023- 06- 06","2.381","2.391","2.408","2.294","54.08K","0.63%"
"2023- 06- 05","2.366","2.309","2.435","2.300","50.31K","2.91%"
"2023- 06- 02","2.299","2.280","2.355","2.258","53.82K","1.14%"
"2023- 06- 01","2.273","2.349","2.374","2.244","71.61K","-3.60%"
"2023- 05- 31","2.358","2.395","2.492","2.340","43.88K","-2.40%"
"2023- 05- 30","2.416","2.502","2.534","2.350","44.29K","2.85%"
"2023- 05- 29","2.349","2.434","2.447","2.338","","-3.53%"
"2023- 05- 28","2.435","2.418","2.441","2.417","","0.74%"
"2023- 05- 26","2.417","2.463","2.479","2.381","140.56K","-2.38%"
"2023- 05- 25","2.476","2.572","2.607","2.429","167.61K","-3.51%"
"2023- 05- 24","2.566","2.514","2.575","2.495","111.04K","3.09%"
"2023- 05- 23","2.489","2.550","2.568","2.484","119.57K","-2.43%"
"2023- 05- 22","2.551","2.697","2.707","2.512","137.18K","-5.76%"
"2023- 05- 19","2.707","2.735","2.816","2.682","151.50K","-0.29%"
"2023- 05- 18","2.715","2.519","2.755","2.488","157.18K","8.21%"
"2023- 05- 17","2.509","2.524","2.586","2.471","99.22K","-0.99%"
"2023- 05- 16","2.534","2.533","2.630","2.506","95.02K","-0.31%"
"2023- 05- 15","2.542","2.445","2.550","2.417","111.08K","4.27%"
"2023- 05- 12","2.438","2.342","2.495","2.310","131.02K","3.97%"
"2023- 05- 11","2.345","2.331","2.389","2.310","89.13K","0.39%"
"2023- 05- 10","2.336","2.415","2.415","2.315","108.74K","-3.75%"
"2023- 05- 09","2.427","2.416","2.463","2.360","94.18K","0.62%"
"2023- 05- 08","2.412","2.329","2.424","2.320","91.22K","3.92%"
"2023- 05- 05","2.321","2.281","2.349","2.233","76.70K","1.04%"
"2023- 05- 04","2.297","2.347","2.374","2.275","62.91K","-2.67%"
"2023- 05- 03","2.360","2.428","2.443","2.312","71.92K","-2.36%"
"2023- 05- 02","2.417","2.501","2.524","2.389","66.07K","-3.24%"
"2023- 05- 01","2.498","2.568","2.582","2.473","56.18K","-3.10%"
"2023- 04- 28","2.578","2.538","2.700","2.484","81.15K","1.18%"
"2023- 04- 27","2.548","2.510","2.567","2.465","54.02K","10.54%"
"2023- 04- 26","2.305","2.385","2.413","2.274","149.63K","-5.42%"
"2023- 04- 25","2.437","2.466","2.468","2.368","135.04K","-1.38%"
"2023- 04- 24","2.471","2.395","2.484","2.364","117.96K","2.62%"
"2023- 04- 21","2.408","2.374","2.448","2.350","84.07K","-0.78%"
"2023- 04- 20","2.427","2.361","2.436","2.316","91.51K","1.34%"
"2023- 04- 19","2.395","2.526","2.543","2.356","97.93K","-4.85%"
"2023- 04- 18","2.517","2.446","2.533","2.396","76.04K","2.99%"
"2023- 04- 17","2.444","2.326","2.458","2.326","103.18K","6.03%"
"2023- 04- 14","2.305","2.209","2.316","2.143","96.78K","4.92%"
"2023- 04- 13","2.197","2.257","2.302","2.184","94.26K","-3.09%"
"2023- 04- 12","2.267","2.373","2.384","2.241","113.79K","-3.57%"
"2023- 04- 11","2.351","2.372","2.420","2.306","92.12K","-0.42%"
"2023- 04- 10","2.361","2.240","2.419","2.240","91.61K","5.50%"
"2023- 04- 06","2.238","2.375","2.400","2.220","51.99K","-6.01%"
"2023- 04- 05","2.381","2.332","2.421","2.300","35.43K","1.58%"
"2023- 04- 04","2.344","2.348","2.385","2.310","40.30K","0.47%"
"2023- 04- 03","2.333","2.345","2.398","2.280","49.01K","-5.35%"
"2023- 03- 31","2.465","2.352","2.488","2.321","43.80K","4.54%"
"2023- 03- 30","2.358","2.455","2.455","2.336","37.26K","7.97%"
"2023- 03- 29","2.184","2.161","2.225","2.103","155.18K","1.72%"
"2023- 03- 28","2.147","2.221","2.260","2.142","156.20K","-3.07%"
"2023- 03- 27","2.215","2.288","2.299","2.184","143.18K","-6.18%"
"2023- 03- 24","2.361","2.277","2.382","2.267","122.74K","3.42%"
"2023- 03- 23","2.283","2.354","2.383","2.263","106.54K","-1.04%"
"2023- 03- 22","2.307","2.456","2.462","2.287","133.98K","-7.16%"
"2023- 03- 21","2.485","2.339","2.493","2.240","151.46K","6.61%"
"2023- 03- 20","2.331","2.460","2.521","2.324","101.86K","-4.70%"
"2023- 03- 17","2.446","2.638","2.639","2.436","101.40K","-6.85%"
"2023- 03- 16","2.626","2.590","2.657","2.527","93.85K","3.14%"
"2023- 03- 15","2.546","2.696","2.710","2.499","117.57K","-5.35%"
"2023- 03- 14","2.690","2.740","2.789","2.650","75.91K","-1.32%"
"2023- 03- 13","2.726","2.566","2.751","2.514","112.03K","6.53%"
"2023- 03- 10","2.559","2.629","2.691","2.554","80.58K","-4.62%"
"2023- 03- 09","2.683","2.754","2.797","2.614","88.69K","-1.11%"
"2023- 03- 08","2.713","2.821","2.850","2.687","91.28K","-4.47%"
"2023- 03- 07","2.840","2.769","2.850","2.673","95.46K","4.03%"
"2023- 03- 06","2.730","2.954","2.954","2.688","132.81K","-13.09%"
"2023- 03- 03","3.141","2.916","3.156","2.904","97.38K","8.35%"
"2023- 03- 02","2.899","2.938","2.994","2.848","61.85K","-1.50%"
"2023- 03- 01","2.943","2.884","2.969","2.788","89.85K","2.79%"
"2023- 02- 28","2.863","2.842","2.898","2.701","97.49K","0.35%"
"2023- 02- 27","2.853","2.811","2.863","2.700","95.21K","11.97%"
"2023- 02- 24","2.548","2.464","2.587","2.415","168.13K","4.77%"
"2023- 02- 23","2.432","2.295","2.488","2.235","207.38K","5.83%"
"2023- 02- 22","2.298","2.188","2.422","2.113","207.99K","5.56%"
"2023- 02- 21","2.177","2.306","2.373","2.162","175.52K","-6.33%"
"2023- 02- 20","2.324","2.304","2.373","2.271","","0.82%"
"2023- 02- 19","2.305","2.303","2.306","2.284","","-2.00%"
"2023- 02- 17","2.352","2.485","2.521","2.304","132.58K","-5.35%"
"2023- 02- 16","2.485","2.554","2.635","2.455","101.08K","-2.74%"
"2023- 02- 15","2.555","2.686","2.693","2.531","106.90K","-3.66%"
"2023- 02- 14","2.652","2.522","2.700","2.518","120.08K","6.12%"
"2023- 02- 13","2.499","2.663","2.689","2.473","144.73K","-4.14%"
"2023- 02- 10","2.607","2.513","2.670","2.475","135.22K","4.61%"
"2023- 02- 09","2.492","2.497","2.578","2.441","112.91K","0.61%"
"2023- 02- 08","2.477","2.667","2.734","2.450","93.35K","-7.02%"
"2023- 02- 07","2.664","2.569","2.690","2.500","119.36K","5.09%"
"2023- 02- 06","2.535","2.495","2.570","2.447","64.96K","2.22%"
"2023- 02- 03","2.480","2.525","2.585","2.416","63.36K","-1.67%"
"2023- 02- 02","2.522","2.579","2.652","2.502","70.79K","-0.55%"
"2023- 02- 01","2.536","2.789","2.836","2.532","88.09K","-7.48%"
"2023- 01- 31","2.741","2.738","2.809","2.668","80.03K","0.37%"
"2023- 01- 30","2.731","2.750","2.807","2.661","61.80K","-4.14%"
"2023- 01- 27","2.849","2.853","2.908","2.747","128.69K","0.04%"
"2023- 01- 26","2.848","2.873","2.891","2.680","222.21K","-2.30%"
"2023- 01- 25","2.915","3.065","3.078","2.860","152.92K","-4.65%"
"2023- 01- 24","3.057","3.228","3.300","3.031","133.73K","-5.12%"
"2023- 01- 23","3.222","3.216","3.243","2.992","139.30K","6.13%"
"2023- 01- 20","3.036","3.076","3.191","2.985","85.86K","-2.82%"
"2023- 01- 19","3.124","3.100","3.198","3.056","77.46K","0.42%"
"2023- 01- 18","3.111","3.294","3.332","3.087","85.81K","-4.37%"
"2023- 01- 17","3.253","3.283","3.440","3.237","97.11K","-11.48%"
"2023- 01- 16","3.675","3.601","3.696","3.524","","2.05%"
"2023- 01- 15","3.601","3.591","3.615","3.554","","12.67%"
"2023- 01- 13","3.196","3.356","3.392","3.169","83.11K","-4.74%"
"2023- 01- 12","3.355","3.396","3.556","3.309","79.52K","0.27%"
"2023- 01- 11","3.346","3.289","3.420","3.137","93.60K","0.97%"
"2023- 01- 10","3.314","3.541","3.549","3.261","74.99K","-6.99%"
"2023- 01- 09","3.563","3.476","3.714","3.449","95.69K","5.04%"
"2023- 01- 06","3.392","3.462","3.495","3.283","67.70K","-0.99%"
"2023- 01- 05","3.426","3.776","3.789","3.414","70.02K","-9.37%"
"2023- 01- 04","3.780","3.658","3.810","3.595","56.71K","3.82%"
"2023- 01- 03","3.641","4.005","4.005","3.620","66.04K","-12.12%"
"2023- 01- 02","4.143","4.222","4.222","4.072","","0.95%"
"2022- 12- 30","4.104","4.147","4.167","4.015","37.81K","-0.32%"
"2022- 12- 29","4.117","4.269","4.279","4.020","40.40K","-12.12%"
"2022- 12- 28","4.685","5.080","5.083","4.462","115.02K","-8.46%"
"2022- 12- 27","5.118","5.190","5.245","4.990","85.03K","-0.51%"
"2022- 12- 26","5.144","5.179","5.188","5.037","","3.29%"
"2022- 12- 23","4.980","5.014","5.139","4.779","87.38K","1.06%"
"2022- 12- 22","4.928","5.356","5.526","4.905","82.27K","-5.92%"
"2022- 12- 21","5.238","5.232","5.481","5.175","55.52K","0.42%"
"2022- 12- 20","5.216","5.678","5.765","5.167","77.84K","-8.65%"
"2022- 12- 19","5.710","5.935","6.085","5.634","65.66K","-9.41%"
"2022- 12- 16","6.303","6.539","6.546","5.960","48.45K","-4.34%"
"2022- 12- 15","6.589","6.174","6.646","6.163","63.69K","5.93%"
"2022- 12- 14","6.220","6.760","6.764","6.138","52.19K","-7.62%"
"2022- 12- 13","6.733","6.341","6.871","6.337","55.83K","4.94%"
"2022- 12- 12","6.416","6.687","6.807","6.320","62.49K","5.49%"
"2022- 12- 09","6.082","5.792","6.192","5.680","48.19K","4.50%"
"2022- 12- 08","5.820","5.707","6.007","5.649","49.95K","3.61%"
"2022- 12- 07","5.617","5.300","5.719","5.298","67.44K","4.44%"
"2022- 12- 06","5.378","5.542","5.587","5.256","42.69K","-1.93%"
"2022- 12- 05","5.484","5.850","5.949","5.468","48.48K","-11.10%"
"2022- 12- 02","6.169","6.714","6.729","6.109","29.96K","-6.97%"
"2022- 12- 01","6.631","6.839","7.075","6.600","28.55K","-2.74%"
"2022- 11- 30","6.818","7.100","7.159","6.700","42.66K","-3.75%"
"2022- 11- 29","7.084","7.120","7.249","6.944","38.40K","-1.56%"
"2022- 11- 28","7.196","7.301","7.386","6.929","105.91K","-1.83%"
"2022- 11- 25","7.330","7.727","7.804","7.201","97.87K","2.13%"
"2022- 11- 24","7.177","7.307","7.404","7.100","","-6.89%"
"2022- 11- 23","7.708","7.525","8.177","7.505","154.60K","4.08%"
"2022- 11- 22","7.406","7.183","7.550","6.899","107.98K","2.53%"
"2022- 11- 21","7.223","6.796","7.273","6.571","84.47K","7.55%"
"2022- 11- 18","6.716","6.758","6.831","6.425","58.64K","-0.42%"
"2022- 11- 17","6.744","6.612","6.912","6.554","72.24K","2.07%"
"2022- 11- 16","6.607","6.503","6.637","6.132","68.55K","3.32%"
"2022- 11- 15","6.395","6.434","6.531","6.190","42.66K","1.52%"
"2022- 11- 14","6.299","6.491","6.742","6.260","55.52K","0.57%"
"2022- 11- 11","6.263","6.540","6.864","6.172","60.95K","-5.29%"
"2022- 11- 10","6.613","6.299","6.637","6.143","57.65K","6.23%"
"2022- 11- 09","6.225","6.596","6.745","6.131","84.86K","-4.58%"
"2022- 11- 08","6.524","7.024","7.162","6.454","89.02K","-9.94%"
"2022- 11- 07","7.244","7.268","7.501","6.921","92.52K","7.25%"
"2022- 11- 04","6.754","6.298","6.873","6.267","51.46K","6.70%"
"2022- 11- 03","6.330","6.522","6.543","6.230","37.80K","-3.93%"
"2022- 11- 02","6.589","6.179","6.620","6.160","42.31K","8.37%"
"2022- 11- 01","6.080","6.561","6.565","6.011","67.23K","-7.98%"
"2022- 10- 31","6.607","6.092","6.617","6.086","64.95K","10.99%"
"2022- 10- 28","5.953","6.114","6.153","5.824","35.77K","1.33%"
"2022- 10- 27","5.875","6.190","6.198","5.710","118.81K","-3.99%"
"2022- 10- 26","6.119","6.259","6.265","5.828","125.69K","-0.76%"
"2022- 10- 25","6.166","5.739","6.281","5.727","112.87K","7.18%"
"2022- 10- 24","5.753","5.464","5.844","5.345","87.25K","5.14%"
"2022- 10- 21","5.472","5.784","5.851","5.393","82.76K","-6.27%"
"2022- 10- 20","5.838","5.908","6.044","5.738","64.63K","-1.52%"
"2022- 10- 19","5.928","6.175","6.271","5.893","55.18K","-4.95%"
"2022- 10- 18","6.237","6.474","6.531","6.150","53.28K","-3.74%"
"2022- 10- 17","6.479","6.680","6.737","6.382","70.12K","-5.10%"
"2022- 10- 14","6.827","6.989","7.051","6.772","54.80K","-3.20%"
"2022- 10- 13","7.053","6.795","7.084","6.672","61.88K","4.24%"
"2022- 10- 12","6.766","6.945","7.127","6.728","50.20K","-2.34%"
"2022- 10- 11","6.928","6.891","6.991","6.723","44.66K","2.12%"
"2022- 10- 10","6.784","6.936","7.205","6.759","51.33K","-3.73%"
"2022- 10- 07","7.047","7.140","7.226","6.911","45.82K","-2.69%"
"2022- 10- 06","7.242","7.225","7.436","7.145","40.55K","0.08%"
"2022- 10- 05","7.236","7.152","7.352","6.984","23.97K","0.86%"
"2022- 10- 04","7.174","6.860","7.239","6.660","42.93K","5.45%"
"2022- 10- 03","6.803","7.111","7.111","6.626","35.21K","-3.71%"
"2022- 09- 30","7.065","7.144","7.322","6.990","36.28K","-1.08%"
"2022- 09- 29","7.142","7.271","7.370","6.865","23.25K","2.69%"
"2022- 09- 28","6.955","6.775","7.041","6.562","98.40K","2.88%"
"2022- 09- 27","6.760","7.055","7.240","6.740","130.92K","-3.62%"
"2022- 09- 26","7.014","7.017","7.126","6.692","81.08K","0.31%"
"2022- 09- 23","6.992","7.274","7.374","6.867","123.60K","-2.79%"
"2022- 09- 22","7.193","7.800","7.825","7.168","94.31K","-8.10%"
"2022- 09- 21","7.827","7.792","8.179","7.609","60.25K","0.71%"
"2022- 09- 20","7.772","7.929","8.037","7.703","42.91K","-0.41%"
"2022- 09- 19","7.804","7.751","7.961","7.455","46.34K","-0.09%"
"2022- 09- 16","7.811","8.349","8.367","7.766","54.36K","-6.70%"
"2022- 09- 15","8.372","9.134","9.159","8.260","63.98K","-8.67%"
"2022- 09- 14","9.167","8.414","9.292","8.376","73.71K","10.00%"
"2022- 09- 13","8.334","8.434","8.501","8.211","52.48K","0.57%"
"2022- 09- 12","8.287","8.121","8.447","7.911","61.49K","3.02%"
"2022- 09- 09","8.044","8.018","8.255","7.946","50.67K","0.92%"
"2022- 09- 08","7.971","7.900","8.120","7.834","61.12K","0.89%"
"2022- 09- 07","7.901","8.118","8.355","7.828","47.90K","-3.79%"
"2022- 09- 06","8.212","9.058","9.176","7.900","59.72K","-5.76%"
"2022- 09- 05","8.714","8.980","8.995","8.710","","-2.95%"
"2022- 09- 04","8.979","9.086","9.096","8.946","","1.46%"
"2022- 09- 02","8.850","9.259","9.310","8.692","35.02K","-5.14%"
"2022- 09- 01","9.330","9.194","9.454","9.074","42.44K","1.53%"
"2022- 08- 31","9.189","9.141","9.341","8.879","27.11K","0.94%"
"2022- 08- 30","9.103","9.318","9.365","8.933","27.72K","-2.50%"
"2022- 08- 29","9.336","9.605","9.711","8.980","89.28K","0.72%"
"2022- 08- 26","9.269","9.336","9.640","9.160","83.80K","-0.80%"
"2022- 08- 25","9.344","9.197","9.392","9.147","56.51K","0.47%"
"2022- 08- 24","9.300","9.196","9.408","9.063","72.19K","1.58%"
"2022- 08- 23","9.155","9.780","9.987","9.021","86.53K","-5.10%"
"2022- 08- 22","9.647","9.159","9.950","9.143","60.48K","3.56%"
"2022- 08- 19","9.315","9.153","9.370","8.860","41.66K","1.58%"
"2022- 08- 18","9.170","9.159","9.640","8.862","55.45K","-0.63%"
"2022- 08- 17","9.228","9.346","9.650","9.100","45.92K","-0.89%"
"2022- 08- 16","9.311","8.798","9.390","8.773","53.22K","6.88%"
"2022- 08- 15","8.712","8.668","8.912","8.383","30.13K","-0.37%"
"2022- 08- 12","8.744","8.706","8.900","8.510","34.10K","-1.34%"
"2022- 08- 11","8.863","8.210","8.979","8.171","67.20K","8.18%"
"2022- 08- 10","8.193","7.848","8.254","7.703","45.99K","4.70%"
"2022- 08- 09","7.825","7.670","7.880","7.618","40.53K","3.26%"
"2022- 08- 08","7.578","7.850","7.909","7.536","49.58K","-5.88%"
"2022- 08- 05","8.051","8.142","8.229","7.894","55.05K","-0.78%"
"2022- 08- 04","8.114","8.279","8.432","7.800","28.70K","-1.79%"
"2022- 08- 03","8.262","7.666","8.460","7.557","41.58K","7.33%"
"2022- 08- 02","7.698","8.180","8.196","7.618","36.47K","-6.80%"
"2022- 08- 01","8.260","7.894","8.276","7.735","34.29K","0.63%"
"2022- 07- 29","8.208","8.160","8.356","7.995","25.60K","1.11%"
"2022- 07- 28","8.118","8.600","8.800","8.095","27.79K","-5.10%"
"2022- 07- 27","8.554","8.701","8.990","8.345","105.22K","-3.07%"
"2022- 07- 26","8.825","8.667","9.419","8.568","146.56K","2.96%"
"2022- 07- 25","8.571","8.273","8.704","8.202","79.05K","4.59%"
"2022- 07- 22","8.195","7.780","8.293","7.652","86.58K","4.86%"
"2022- 07- 21","7.815","7.769","8.045","7.485","84.55K","-1.06%"
"2022- 07- 20","7.899","7.200","7.925","7.057","75.27K","10.48%"
"2022- 07- 19","7.150","7.329","7.453","7.017","58.01K","-3.14%"
"2022- 07- 18","7.382","7.021","7.460","6.987","52.89K","6.58%"
"2022- 07- 15","6.926","6.584","7.047","6.351","49.32K","6.37%"
"2022- 07- 14","6.511","6.544","6.806","6.461","69.08K","-1.18%"
"2022- 07- 13","6.589","6.125","6.683","6.058","67.36K","9.43%"
"2022- 07- 12","6.021","6.395","6.647","5.895","73.23K","-4.72%"
"2022- 07- 11","6.319","6.314","6.590","6.160","70.94K","5.90%"
"2022- 07- 08","5.967","6.180","6.263","5.948","61.70K","-4.71%"
"2022- 07- 07","6.262","5.508","6.338","5.464","47.17K","14.23%"
"2022- 07- 06","5.482","5.430","5.699","5.349","28.36K","-0.09%"
"2022- 07- 05","5.487","5.679","5.883","5.324","44.02K","-6.25%"
"2022- 07- 04","5.853","5.712","5.905","5.606","","2.52%"
"2022- 07- 03","5.709","5.701","5.734","5.678","","-0.05%"
"2022- 07- 01","5.712","5.599","5.909","5.557","49.27K","5.93%"
"2022- 06- 30","5.392","6.425","6.575","5.327","74.70K","-16.96%"
"2022- 06- 29","6.493","6.609","6.812","6.401","34.69K","-1.17%"
"2022- 06- 28","6.570","6.468","6.738","6.417","90.79K","0.37%"
"2022- 06- 27","6.546","6.188","6.597","6.065","101.37K","4.22%"
"2022- 06- 24","6.281","6.260","6.407","6.062","84.61K","-0.03%"
"2022- 06- 23","6.283","6.829","6.854","6.237","112.23K","-8.57%"
"2022- 06- 22","6.872","6.816","6.950","6.554","54.83K","1.31%"
"2022- 06- 21","6.783","6.790","6.948","6.531","67.30K","1.04%"
"2022- 06- 20","6.713","6.706","6.840","6.635","","0.16%"
"2022- 06- 19","6.702","6.752","6.758","6.659","","-2.95%"
"2022- 06- 17","6.906","7.422","7.566","6.852","56.89K","-7.15%"
"2022- 06- 16","7.438","7.467","7.981","7.305","55.12K","0.43%"
"2022- 06- 15","7.406","7.259","7.681","7.205","53.88K","3.15%"
"2022- 06- 14","7.180","8.688","8.885","7.010","137.51K","-16.70%"
"2022- 06- 13","8.619","8.888","8.968","8.388","71.30K","-2.80%"
"2022- 06- 10","8.867","9.011","9.161","8.635","61.07K","-1.24%"
"2022- 06- 09","8.978","8.612","9.041","8.022","104.72K","3.45%"
"2022- 06- 08","8.679","9.347","9.645","8.447","116.44K","-6.46%"
"2022- 06- 07","9.278","9.365","9.514","9.187","68.45K","-0.30%"
"2022- 06- 06","9.306","8.696","9.383","8.696","32.88K","9.35%"
"2022- 06- 03","8.510","8.406","8.677","8.257","22.80K","0.42%"
"2022- 06- 02","8.474","8.751","9.040","8.370","29.36K","-2.44%"
"2022- 06- 01","8.686","8.250","8.779","8.143","29.20K","6.73%"
"2022- 05- 31","8.138","8.870","8.897","8.111","34.63K","-6.31%"
"2022- 05- 30","8.686","8.819","8.908","8.598","","-1.46%"
"2022- 05- 29","8.815","8.829","8.841","8.701","","1.18%"
"2022- 05- 27","8.712","8.797","8.875","8.275","22.81K","-2.06%"
"2022- 05- 26","8.895","8.978","9.447","8.626","163.27K","-1.09%"
"2022- 05- 25","8.993","8.876","9.437","8.798","132.24K","1.78%"
"2022- 05- 24","8.836","8.819","9.014","8.683","89.42K","0.10%"
"2022- 05- 23","8.827","8.188","8.906","7.950","87.27K","7.94%"
"2022- 05- 20","8.178","8.192","8.285","7.943","49.77K","-2.64%"
"2022- 05- 19","8.400","8.348","8.591","8.000","69.13K","-0.65%"
"2022- 05- 18","8.455","8.410","8.640","8.253","44.44K","0.73%"
"2022- 05- 17","8.394","8.112","8.457","8.112","40.67K","4.23%"
"2022- 05- 16","8.053","7.826","8.276","7.765","56.71K","3.71%"
"2022- 05- 13","7.765","7.776","8.022","7.618","57.74K","-0.89%"
"2022- 05- 12","7.835","7.749","7.884","7.348","62.46K","1.40%"
"2022- 05- 11","7.727","7.395","7.803","7.385","62.46K","3.48%"
"2022- 05- 10","7.467","7.108","7.543","6.521","90.33K","5.08%"
"2022- 05- 09","7.106","7.945","8.370","7.045","120.27K","-12.57%"
"2022- 05- 06","8.128","8.896","9.052","8.039","81.13K","-8.06%"
"2022- 05- 05","8.841","8.457","8.965","8.178","49.02K","4.36%"
"2022- 05- 04","8.472","7.899","8.542","7.815","53.02K","5.57%"
"2022- 05- 03","8.025","7.656","8.250","7.643","83.05K","6.07%"
"2022- 05- 02","7.566","7.511","7.701","7.331","73.58K","2.87%"
"2022- 04- 29","7.355","7.044","7.447","6.919","52.95K","5.16%"
"2022- 04- 28","6.994","7.494","7.517","6.985","68.51K","-4.70%"
"2022- 04- 27","7.339","7.009","7.524","6.956","155.33K","5.17%"
"2022- 04- 26","6.978","6.963","7.175","6.790","135.73K","2.54%"
"2022- 04- 25","6.805","6.517","7.112","6.471","114.27K","2.13%"
"2022- 04- 22","6.663","7.076","7.214","6.560","95.25K","-6.10%"
"2022- 04- 21","7.096","6.954","7.274","6.832","76.73K","0.44%"
"2022- 04- 20","7.065","7.369","7.496","6.894","78.26K","-2.91%"
"2022- 04- 19","7.277","7.908","8.075","7.052","98.50K","-8.56%"
"2022- 04- 18","7.958","7.490","8.197","7.488","94.94K","7.21%"
"2022- 04- 14","7.423","7.140","7.465","7.064","85.25K","4.61%"
"2022- 04- 13","7.096","6.791","7.193","6.735","74.25K","4.92%"
"2022- 04- 12","6.763","6.784","7.025","6.680","76.04K","0.59%"
"2022- 04- 11","6.723","6.458","6.800","6.327","56.92K","5.77%"
"2022- 04- 08","6.356","6.484","6.615","6.338","60.00K","-1.24%"
"2022- 04- 07","6.436","6.189","6.517","6.080","62.49K","5.39%"
"2022- 04- 06","6.107","6.175","6.469","6.080","56.57K","-0.02%"
"2022- 04- 05","6.108","5.864","6.277","5.847","53.63K","5.44%"
"2022- 04- 04","5.793","5.813","5.928","5.728","60.08K","-0.03%"
"2022- 04- 01","5.795","5.694","5.850","5.575","54.25K","1.65%"
"2022- 03- 31","5.701","5.631","5.887","5.516","47.66K","0.76%"
"2022- 03- 30","5.658","5.364","5.677","5.326","39.61K","6.15%"
"2022- 03- 29","5.330","5.500","5.527","5.316","111.30K","-3.76%"
"2022- 03- 28","5.538","5.595","5.707","5.452","105.61K","-1.30%"
"2022- 03- 25","5.611","5.469","5.617","5.386","84.02K","3.03%"
"2022- 03- 24","5.446","5.158","5.508","5.114","99.25K","3.26%"
"2022- 03- 23","5.274","5.184","5.364","5.135","63.05K","0.90%"
"2022- 03- 22","5.227","4.983","5.244","4.907","86.52K","5.94%"
"2022- 03- 21","4.934","4.927","5.008","4.791","46.28K","0.65%"
"2022- 03- 18","4.902","4.969","4.989","4.849","46.84K","-2.37%"
"2022- 03- 17","5.021","4.805","5.031","4.724","60.97K","4.95%"
"2022- 03- 16","4.784","4.685","4.812","4.645","58.60K","3.62%"
"2022- 03- 15","4.617","4.722","4.722","4.509","55.85K","-1.81%"
"2022- 03- 14","4.702","4.749","4.797","4.555","40.01K","-1.34%"
"2022- 03- 11","4.766","4.696","4.837","4.666","51.22K","2.08%"
"2022- 03- 10","4.669","4.561","4.707","4.538","54.15K","2.37%"
"2022- 03- 09","4.561","4.615","4.664","4.488","52.78K","-0.04%"
"2022- 03- 08","4.563","4.848","4.909","4.541","87.82K","-6.07%"
"2022- 03- 07","4.858","5.057","5.199","4.809","71.58K","-3.53%"
"2022- 03- 04","5.036","4.763","5.060","4.758","59.64K","6.33%"
"2022- 03- 03","4.736","4.813","4.949","4.653","86.53K","-1.07%"
"2022- 03- 02","4.787","4.631","4.928","4.630","80.45K","4.11%"
"2022- 03- 01","4.598","4.425","4.649","4.361","61.82K","4.03%"
"2022- 02- 28","4.420","4.630","4.700","4.392","51.67K","-1.45%"
"2022- 02- 25","4.485","4.591","4.724","4.435","48.17K","-3.36%"
"2022- 02- 24","4.641","4.592","4.938","4.555","184.11K","1.05%"
"2022- 02- 23","4.593","4.466","4.685","4.437","136.53K","2.96%"
"2022- 02- 22","4.461","4.505","4.746","4.409","141.92K","-5.19%"
"2022- 02- 21","4.705","4.580","4.745","4.520","","2.75%"
"2022- 02- 20","4.579","4.529","4.598","4.527","","4.62%"
"2022- 02- 18","4.377","4.451","4.585","4.306","98.02K","-1.20%"
"2022- 02- 17","4.430","4.532","4.645","4.343","92.86K","-3.11%"
"2022- 02- 16","4.572","4.306","4.592","4.279","103.91K","7.80%"
"2022- 02- 15","4.241","4.147","4.336","4.125","83.26K","1.95%"
"2022- 02- 14","4.160","4.070","4.186","4.019","71.38K","5.72%"
"2022- 02- 11","3.935","3.923","4.045","3.872","101.61K","-0.20%"
"2022- 02- 10","3.943","4.000","4.033","3.867","76.76K","-0.93%"
"2022- 02- 09","3.980","4.178","4.229","3.955","78.05K","-5.64%"
"2022- 02- 08","4.218","4.238","4.343","4.157","76.34K","0.48%"
"2022- 02- 07","4.198","4.329","4.409","4.100","96.42K","-6.54%"
"2022- 02- 04","4.492","4.750","4.861","4.410","85.89K","-4.83%"
"2022- 02- 03","4.720","4.966","5.009","4.617","82.15K","-6.42%"
"2022- 02- 02","5.044","4.681","5.053","4.664","164.67K","10.30%"
"2022- 02- 01","4.573","4.696","4.736","4.474","66.06K","-2.18%"
"2022- 01- 31","4.675","4.637","4.803","4.533","81.26K","4.52%"
"2022- 01- 28","4.473","4.222","4.629","4.192","137.04K","4.44%"
"2022- 01- 27","4.283","4.000","4.420","3.990","193.25K","6.12%"
"2022- 01- 26","4.036","3.885","4.194","3.856","158.50K","3.65%"
"2022- 01- 25","3.894","3.811","3.919","3.761","91.17K","0.49%"
"2022- 01- 24","3.875","3.709","3.912","3.693","90.92K","2.46%"
"2022- 01- 21","3.782","3.680","3.829","3.669","75.32K","3.64%"
"2022- 01- 20","3.649","3.834","3.868","3.629","97.44K","-5.10%"
"2022- 01- 19","3.845","4.071","4.119","3.834","84.60K","-5.01%"
"2022- 01- 18","4.048","4.143","4.180","4.002","77.07K","-5.33%"
"2022- 01- 17","4.276","4.330","4.353","4.216","","-1.36%"
"2022- 01- 16","4.335","4.338","4.350","4.323","","6.22%"
"2022- 01- 14","4.081","4.010","4.097","3.933","67.72K","1.90%"
"2022- 01- 13","4.005","4.296","4.329","3.990","115.34K","-7.44%"
"2022- 01- 12","4.327","3.948","4.356","3.926","125.21K","9.05%"
"2022- 01- 11","3.968","3.868","3.980","3.787","76.68K","3.50%"
"2022- 01- 10","3.834","3.910","3.966","3.764","89.08K","2.90%"
"2022- 01- 07","3.726","3.716","3.803","3.664","66.76K","1.53%"
"2022- 01- 06","3.670","3.679","3.757","3.647","45.46K","-1.08%"
"2022- 01- 05","3.710","3.611","3.738","3.591","48.91K","3.57%"
"2022- 01- 04","3.582","3.674","3.777","3.573","56.26K","-2.61%"
"2022- 01- 03","3.678","3.554","3.709","3.500","52.87K","3.40%"
"2021- 12- 31","3.557","3.456","3.627","3.449","56.60K","3.55%"
"2021- 12- 30","3.435","3.698","3.781","3.416","57.67K","-10.78%"
"2021- 12- 29","3.850","3.899","4.077","3.813","141.91K","-0.90%"
"2021- 12- 28","3.885","3.935","4.031","3.805","116.12K","-1.45%"
"2021- 12- 27","3.942","3.815","3.970","3.632","125.28K","8.60%"
"2021- 12- 23","3.630","3.860","3.896","3.518","104.37K","-5.96%"
"2021- 12- 22","3.860","3.774","3.930","3.730","56.48K","2.28%"
"2021- 12- 21","3.774","3.755","3.835","3.645","70.73K","0.43%"
"2021- 12- 20","3.758","3.602","3.841","3.592","61.25K","3.27%"
"2021- 12- 17","3.639","3.734","3.762","3.575","36.91K","-2.05%"
"2021- 12- 16","3.715","3.786","3.923","3.681","42.23K","-1.22%"
"2021- 12- 15","3.761","3.746","3.879","3.728","41.60K","1.29%"
"2021- 12- 14","3.713","3.777","3.804","3.658","44.44K","-1.28%"
"2021- 12- 13","3.761","3.940","4.042","3.737","57.85K","-3.29%"
"2021- 12- 10","3.889","3.764","3.927","3.727","44.53K","2.77%"
"2021- 12- 09","3.784","3.776","3.889","3.686","47.29K","0.26%"
"2021- 12- 08","3.774","3.692","3.886","3.688","50.87K","2.72%"
"2021- 12- 07","3.674","3.654","3.792","3.626","53.38K","1.35%"
"2021- 12- 06","3.625","3.830","3.853","3.601","54.86K","-11.00%"
"2021- 12- 03","4.073","4.046","4.221","4.010","33.42K","1.90%"
"2021- 12- 02","3.997","4.202","4.256","3.988","31.76K","-4.56%"
"2021- 12- 01","4.188","4.547","4.603","4.159","54.91K","-7.06%"
"2021- 11- 30","4.506","4.792","4.808","4.420","40.53K","-5.49%"
"2021- 11- 29","4.768","5.135","5.135","4.734","37.74K","-12.95%"
"2021- 11- 26","5.477","5.069","5.518","5.026","141.78K","7.67%"
"2021- 11- 25","5.087","5.089","5.136","5.029","","-0.53%"
"2021- 11- 24","5.114","5.061","5.205","4.945","118.41K","1.57%"
"2021- 11- 23","5.035","4.865","5.149","4.833","122.01K","3.58%"
"2021- 11- 22","4.861","4.998","5.047","4.736","111.00K","-5.52%"
"2021- 11- 19","5.145","4.992","5.237","4.933","69.02K","3.00%"
"2021- 11- 18","4.995","4.993","5.133","4.935","56.06K","1.65%"
"2021- 11- 17","4.914","5.248","5.263","4.900","63.70K","-6.76%"
"2021- 11- 16","5.270","5.145","5.480","5.107","58.88K","3.25%"
"2021- 11- 15","5.104","4.986","5.150","4.811","49.22K","4.59%"
"2021- 11- 12","4.880","5.225","5.239","4.850","65.97K","-6.96%"
"2021- 11- 11","5.245","5.011","5.273","4.987","63.91K","5.45%"
"2021- 11- 10","4.974","5.061","5.137","4.819","68.03K","-1.89%"
"2021- 11- 09","5.070","5.487","5.540","5.000","87.28K","-7.90%"
"2021- 11- 08","5.505","5.730","5.760","5.481","72.73K","-2.15%"
"2021- 11- 05","5.626","5.779","5.866","5.609","57.58K","-3.43%"
"2021- 11- 04","5.826","5.969","5.975","5.653","45.28K","0.80%"
"2021- 11- 03","5.780","5.645","5.967","5.570","49.76K","2.48%"
"2021- 11- 02","5.640","5.341","5.659","5.322","48.41K","6.31%"
"2021- 11- 01","5.305","5.425","5.595","5.238","55.90K","-4.05%"
"2021- 10- 29","5.529","5.823","5.922","5.504","54.43K","-5.83%"
"2021- 10- 28","5.871","6.221","6.279","5.809","53.02K","-5.28%"
"2021- 10- 27","6.198","5.946","6.281","5.886","187.42K","3.25%"
"2021- 10- 26","6.003","6.119","6.233","5.731","188.89K","-0.88%"
"2021- 10- 25","6.056","5.629","6.161","5.629","163.91K","10.90%"
"2021- 10- 22","5.461","5.428","5.590","5.336","89.45K","2.15%"
"2021- 10- 21","5.346","5.439","5.478","5.240","80.53K","-1.85%"
"2021- 10- 20","5.447","5.329","5.483","5.194","72.77K","1.81%"
"2021- 10- 19","5.350","5.220","5.361","5.070","75.30K","2.18%"
"2021- 10- 18","5.236","5.529","5.588","5.203","84.28K","-6.50%"
"2021- 10- 15","5.600","5.800","5.940","5.590","93.14K","-4.06%"
"2021- 10- 14","5.837","5.837","6.111","5.757","74.58K","1.46%"
"2021- 10- 13","5.753","5.607","5.855","5.511","81.27K","1.59%"
"2021- 10- 12","5.663","5.564","5.680","5.332","88.31K","2.93%"
"2021- 10- 11","5.502","5.835","5.945","5.460","61.33K","-3.64%"
"2021- 10- 08","5.710","5.907","6.021","5.693","48.44K","-1.84%"
"2021- 10- 07","5.817","5.830","5.965","5.533","65.37K","0.24%"
"2021- 10- 06","5.803","6.447","6.593","5.790","75.91K","-9.78%"
"2021- 10- 05","6.432","5.964","6.509","5.927","66.34K","8.91%"
"2021- 10- 04","5.906","5.780","6.202","5.773","63.78K","2.48%"
"2021- 10- 01","5.763","6.070","6.141","5.680","62.60K","-3.81%"
"2021- 09- 30","5.991","5.579","6.126","5.469","74.65K","7.08%"
"2021- 09- 29","5.595","5.960","6.063","5.542","73.02K","-4.85%"
"2021- 09- 28","5.880","5.854","6.318","5.647","338.97K","2.60%"
"2021- 09- 27","5.731","5.260","5.894","5.238","230.18K","10.21%"
"2021- 09- 24","5.200","5.105","5.241","5.045","130.65K","3.11%"
"2021- 09- 23","5.043","4.806","5.109","4.793","139.71K","3.87%"
"2021- 09- 22","4.855","4.842","4.940","4.791","80.22K","0.27%"
"2021- 09- 21","4.842","4.998","5.083","4.766","104.56K","-3.58%"
"2021- 09- 20","5.022","5.052","5.209","4.945","85.64K","-2.41%"
"2021- 09- 17","5.146","5.317","5.435","5.087","81.64K","-4.38%"
"2021- 09- 16","5.382","5.449","5.642","5.278","108.51K","-2.27%"
"2021- 09- 15","5.507","5.332","5.695","5.311","145.60K","3.81%"
"2021- 09- 14","5.305","5.243","5.409","5.217","101.73K","0.61%"
"2021- 09- 13","5.273","4.987","5.326","4.920","100.81K","6.03%"
"2021- 09- 10","4.973","5.044","5.095","4.947","78.99K","-1.95%"
"2021- 09- 09","5.072","4.967","5.092","4.870","111.77K","2.22%"
"2021- 09- 08","4.962","4.646","5.056","4.633","96.45K","7.52%"
"2021- 09- 07","4.615","4.756","4.826","4.608","57.21K","-1.66%"
"2021- 09- 06","4.693","4.724","4.774","4.668","","-0.66%"
"2021- 09- 05","4.724","4.727","4.742","4.715","","-0.80%"
"2021- 09- 03","4.762","4.681","4.771","4.642","35.37K","1.49%"
"2021- 09- 02","4.692","4.689","4.773","4.627","66.87K","0.62%"
"2021- 09- 01","4.663","4.454","4.751","4.427","88.36K","5.38%"
"2021- 08- 31","4.425","4.356","4.471","4.273","54.03K","1.51%"
"2021- 08- 30","4.359","4.535","4.566","4.276","54.98K","-0.66%"
"2021- 08- 27","4.388","4.237","4.417","4.221","210.96K","4.20%"
"2021- 08- 26","4.211","3.949","4.251","3.931","242.85K","7.29%"
"2021- 08- 25","3.925","3.914","4.021","3.877","132.02K","0.23%"
"2021- 08- 24","3.916","3.947","3.989","3.902","93.96K","-1.11%"
"2021- 08- 23","3.960","3.867","3.970","3.852","84.45K","2.43%"
"2021- 08- 20","3.866","3.885","3.967","3.849","93.12K","0.57%"
"2021- 08- 19","3.844","3.841","3.893","3.751","92.44K","-0.57%"
"2021- 08- 18","3.866","3.844","3.890","3.801","51.45K","0.39%"
"2021- 08- 17","3.851","3.951","3.968","3.817","75.97K","-2.75%"
"2021- 08- 16","3.960","3.860","4.002","3.833","56.01K","2.19%"
"2021- 08- 13","3.875","3.929","3.964","3.860","65.85K","-1.85%"
"2021- 08- 12","3.948","4.070","4.078","3.915","102.20K","-3.02%"
"2021- 08- 11","4.071","4.125","4.142","3.995","81.43K","-0.78%"
"2021- 08- 10","4.103","4.050","4.139","4.032","73.42K","0.69%"
"2021- 08- 09","4.075","4.182","4.194","4.016","87.40K","-1.90%"
"2021- 08- 06","4.154","4.170","4.201","4.108","76.29K","0.14%"
"2021- 08- 05","4.148","4.155","4.211","4.125","52.28K","-0.36%"
"2021- 08- 04","4.163","4.068","4.207","4.060","61.46K","3.25%"
"2021- 08- 03","4.032","3.965","4.079","3.921","60.97K","2.39%"
"2021- 08- 02","3.938","3.975","4.042","3.930","40.60K","0.46%"
"2021- 07- 30","3.920","4.054","4.054","3.865","70.97K","-3.45%"
"2021- 07- 29","4.060","3.945","4.096","3.931","44.91K","2.34%"
"2021- 07- 28","3.967","3.925","4.025","3.837","134.73K","0.63%"
"2021- 07- 27","3.942","4.075","4.094","3.907","145.92K","-3.43%"
"2021- 07- 26","4.082","4.000","4.165","3.990","138.93K","0.99%"
"2021- 07- 23","4.042","3.980","4.051","3.955","97.97K","1.51%"
"2021- 07- 22","3.982","3.900","3.986","3.856","94.47K","1.12%"
"2021- 07- 21","3.938","3.900","3.943","3.870","88.04K","2.23%"
"2021- 07- 20","3.852","3.745","3.908","3.716","84.42K","2.61%"
"2021- 07- 19","3.754","3.687","3.762","3.669","73.76K","2.62%"
"2021- 07- 16","3.658","3.608","3.669","3.572","51.35K","1.58%"
"2021- 07- 15","3.601","3.657","3.671","3.592","64.40K","-1.29%"
"2021- 07- 14","3.648","3.680","3.741","3.611","78.38K","-0.92%"
"2021- 07- 13","3.682","3.729","3.751","3.658","57.87K","-1.34%"
"2021- 07- 12","3.732","3.657","3.743","3.608","62.05K","2.05%"
"2021- 07- 09","3.657","3.663","3.720","3.639","59.82K","-0.27%"
"2021- 07- 08","3.667","3.559","3.697","3.524","77.65K","2.60%"
"2021- 07- 07","3.574","3.649","3.677","3.495","53.08K","-0.94%"
"2021- 07- 06","3.608","3.668","3.789","3.580","62.16K","-4.80%"
"2021- 07- 05","3.790","3.718","3.797","3.708","","1.91%"
"2021- 07- 04","3.719","3.701","3.724","3.686","","1.39%"
"2021- 07- 02","3.668","3.634","3.710","3.571","52.04K","0.99%"
"2021- 07- 01","3.632","3.727","3.731","3.570","62.96K","0.22%"
"2021- 06- 30","3.624","3.631","3.782","3.580","80.02K","0.50%"
"2021- 06- 29","3.606","3.562","3.784","3.550","76.19K","0.36%"
"2021- 06- 28","3.593","3.525","3.653","3.505","163.57K","2.07%"
"2021- 06- 25","3.520","3.439","3.538","3.430","137.65K","2.41%"
"2021- 06- 24","3.437","3.337","3.460","3.318","124.96K","2.54%"
"2021- 06- 23","3.352","3.281","3.406","3.272","113.65K","2.29%"
"2021- 06- 22","3.277","3.221","3.304","3.212","66.84K","1.93%"
"2021- 06- 21","3.215","3.225","3.238","3.165","66.88K","-0.65%"
"2021- 06- 18","3.236","3.241","3.282","3.192","53.94K","-1.19%"
"2021- 06- 17","3.275","3.271","3.286","3.210","65.31K","0.12%"
"2021- 06- 16","3.271","3.240","3.292","3.206","50.98K","0.46%"
"2021- 06- 15","3.256","3.368","3.385","3.230","70.23K","-3.30%"
"2021- 06- 14","3.367","3.324","3.378","3.289","56.28K","1.69%"
"2021- 06- 11","3.311","3.169","3.344","3.164","80.89K","4.58%"
"2021- 06- 10","3.166","3.167","3.213","3.148","51.46K","0.70%"
"2021- 06- 09","3.144","3.139","3.180","3.120","43.29K","0.13%"
"2021- 06- 08","3.140","3.108","3.210","3.108","78.02K","1.65%"
"2021- 06- 07","3.089","3.125","3.131","3.053","50.43K","-0.80%"
"2021- 06- 04","3.114","3.084","3.137","3.031","39.14K","1.80%"
"2021- 06- 03","3.059","3.091","3.106","3.050","32.36K","-1.13%"
"2021- 06- 02","3.094","3.117","3.145","3.070","43.39K","-1.02%"
"2021- 06- 01","3.126","3.055","3.169","3.034","71.84K","2.32%"
"2021- 05- 31","3.055","3.037","3.059","3.015","","0.59%"
"2021- 05- 30","3.037","3.033","3.046","3.030","","1.00%"
"2021- 05- 28","3.007","2.984","3.058","2.975","38.13K","0.97%"
"2021- 05- 27","2.978","3.041","3.043","2.938","36.41K","-1.62%"
"2021- 05- 26","3.027","2.995","3.046","2.975","120.87K","1.78%"
"2021- 05- 25","2.974","2.956","3.003","2.951","99.67K","0.47%"
"2021- 05- 24","2.960","2.920","2.967","2.903","102.50K","-0.57%"
"2021- 05- 21","2.977","3.012","3.045","2.962","80.37K","-0.47%"
"2021- 05- 20","2.991","3.028","3.047","2.970","87.89K","-1.22%"
"2021- 05- 19","3.028","3.072","3.079","3.004","90.23K","-1.62%"
"2021- 05- 18","3.078","3.176","3.191","3.068","103.67K","-2.72%"
"2021- 05- 17","3.164","3.072","3.204","3.071","132.44K","4.84%"
"2021- 05- 14","3.018","3.029","3.069","3.000","57.09K","-0.23%"
"2021- 05- 13","3.025","3.032","3.047","2.986","55.31K","0.23%"
"2021- 05- 12","3.018","2.998","3.034","2.971","61.36K","0.63%"
"2021- 05- 11","2.999","2.971","3.013","2.928","65.53K","0.71%"
"2021- 05- 10","2.978","3.015","3.015","2.948","51.27K","-0.87%"
"2021- 05- 07","3.004","2.978","3.031","2.953","57.29K","1.01%"
"2021- 05- 06","2.974","2.990","3.014","2.954","38.17K","-0.27%"
"2021- 05- 05","2.982","3.021","3.032","2.960","38.46K","-1.00%"
"2021- 05- 04","3.012","3.010","3.045","2.979","44.99K","-0.07%"
"2021- 05- 03","3.014","2.977","3.018","2.952","47.26K","1.21%"
"2021- 04- 30","2.978","2.953","3.006","2.941","52.39K","0.57%"
"2021- 04- 29","2.961","3.006","3.024","2.937","44.86K","0.03%"
"2021- 04- 28","2.960","2.939","2.988","2.930","131.13K","0.61%"
"2021- 04- 27","2.942","2.873","2.948","2.864","131.14K","2.37%"
"2021- 04- 26","2.874","2.788","2.884","2.774","101.67K","1.99%"
"2021- 04- 23","2.818","2.833","2.845","2.804","71.59K","-0.46%"
"2021- 04- 22","2.831","2.778","2.860","2.735","126.41K","1.98%"
"2021- 04- 21","2.776","2.801","2.803","2.746","74.83K","-0.96%"
"2021- 04- 20","2.803","2.811","2.830","2.793","69.15K","-0.53%"
"2021- 04- 19","2.818","2.773","2.821","2.765","72.52K","2.32%"
"2021- 04- 16","2.754","2.734","2.765","2.729","60.95K","0.88%"
"2021- 04- 15","2.730","2.693","2.747","2.659","63.90K","1.37%"
"2021- 04- 14","2.693","2.695","2.737","2.682","66.24K","-0.11%"
"2021- 04- 13","2.696","2.636","2.713","2.614","68.91K","2.01%"
"2021- 04- 12","2.643","2.617","2.676","2.611","66.80K","1.46%"
"2021- 04- 09","2.605","2.604","2.630","2.588","54.81K","-0.08%"
"2021- 04- 08","2.607","2.591","2.616","2.563","58.61K","0.39%"
"2021- 04- 07","2.597","2.543","2.620","2.540","46.26K","2.41%"
"2021- 04- 06","2.536","2.589","2.637","2.534","42.33K","-1.78%"
"2021- 04- 05","2.582","2.655","2.674","2.558","53.47K","-4.26%"
"2021- 04- 01","2.697","2.666","2.718","2.640","40.75K","1.12%"
"2021- 03- 31","2.667","2.676","2.712","2.637","34.71K","-0.52%"
"2021- 03- 30","2.681","2.701","2.738","2.659","27.46K","1.06%"
"2021- 03- 29","2.653","2.624","2.656","2.582","103.90K","1.30%"
"2021- 03- 26","2.619","2.617","2.640","2.603","77.94K","0.11%"
"2021- 03- 25","2.616","2.563","2.629","2.526","105.29K","1.87%"
"2021- 03- 24","2.568","2.560","2.594","2.542","75.02K","0.55%"
"2021- 03- 23","2.554","2.614","2.615","2.551","92.90K","-2.48%"
"2021- 03- 22","2.619","2.540","2.628","2.515","88.73K","2.07%"
"2021- 03- 19","2.566","2.523","2.583","2.490","66.14K","2.19%"
"2021- 03- 18","2.511","2.547","2.553","2.459","100.51K","-1.72%"
"2021- 03- 17","2.555","2.597","2.600","2.525","84.11K","-1.62%"
"2021- 03- 16","2.597","2.539","2.600","2.522","84.67K","2.93%"
"2021- 03- 15","2.523","2.596","2.602","2.518","98.13K","-4.29%"
"2021- 03- 12","2.636","2.703","2.727","2.619","67.46K","-2.48%"
"2021- 03- 11","2.703","2.725","2.750","2.675","76.73K","-0.92%"
"2021- 03- 10","2.728","2.688","2.742","2.652","59.84K","1.19%"
"2021- 03- 09","2.696","2.699","2.724","2.660","61.90K","-0.07%"
"2021- 03- 08","2.698","2.725","2.770","2.664","80.64K","-1.50%"
"2021- 03- 05","2.739","2.775","2.787","2.720","73.12K","-1.51%"
"2021- 03- 04","2.781","2.836","2.857","2.724","55.12K","-2.39%"
"2021- 03- 03","2.849","2.883","2.916","2.837","36.74K","-0.90%"
"2021- 03- 02","2.875","2.823","2.890","2.798","47.43K","2.02%"
"2021- 03- 01","2.818","2.830","2.841","2.766","36.53K","0.32%"
"2021- 02- 26","2.809","2.801","2.822","2.734","73.39K","0.00%"
"2021- 02- 25","2.809","2.833","2.879","2.795","59.29K","0.50%"
"2021- 02- 24","2.795","2.866","2.868","2.791","113.57K","-2.17%"
"2021- 02- 23","2.857","2.921","2.932","2.842","129.78K","-2.69%"
"2021- 02- 22","2.936","2.934","2.962","2.865","150.48K","-1.84%"
"2021- 02- 19","2.991","2.944","3.025","2.904","132.72K","0.71%"
"2021- 02- 18","2.970","3.060","3.060","2.933","184.74K","-2.04%"
"2021- 02- 17","3.032","2.964","3.043","2.939","174.98K","1.64%"
"2021- 02- 16","2.983","2.976","3.020","2.904","206.48K","-2.74%"
"2021- 02- 15","3.067","3.034","3.094","2.978","","1.05%"
"2021- 02- 14","3.035","3.030","3.039","3.009","","5.53%"
"2021- 02- 12","2.876","2.839","2.919","2.806","113.88K","1.41%"
"2021- 02- 11","2.836","2.910","2.956","2.810","155.08K","-1.49%"
"2021- 02- 10","2.879","2.807","2.910","2.747","151.47K","1.98%"
"2021- 02- 09","2.823","2.860","2.896","2.777","107.65K","-1.36%"
"2021- 02- 08","2.862","2.880","2.946","2.822","108.26K","0.74%"
"2021- 02- 05","2.841","2.905","2.980","2.823","155.02K","-1.66%"
"2021- 02- 04","2.889","2.761","2.920","2.727","98.71K","4.22%"
"2021- 02- 03","2.772","2.796","2.842","2.737","81.78K","-1.63%"
"2021- 02- 02","2.818","2.804","2.935","2.786","154.73K","-0.11%"
"2021- 02- 01","2.821","2.730","2.839","2.722","136.22K","8.83%"
"2021- 01- 29","2.592","2.686","2.716","2.583","62.37K","-3.10%"
"2021- 01- 28","2.675","2.688","2.721","2.617","71.60K","-1.00%"
"2021- 01- 27","2.702","2.632","2.740","2.618","153.19K","2.50%"
"2021- 01- 26","2.636","2.597","2.662","2.590","111.06K","1.46%"
"2021- 01- 25","2.598","2.530","2.609","2.498","119.25K","5.78%"
"2021- 01- 22","2.456","2.500","2.511","2.425","97.29K","-1.64%"
"2021- 01- 21","2.497","2.528","2.541","2.462","95.65K","-1.42%"
"2021- 01- 20","2.533","2.526","2.554","2.459","117.38K","0.16%"
"2021- 01- 19","2.529","2.620","2.641","2.507","168.50K","-4.10%"
"2021- 01- 18","2.637","2.640","2.656","2.572","","-0.11%"
"2021- 01- 17","2.640","2.641","2.657","2.639","","-2.08%"
"2021- 01- 15","2.696","2.636","2.748","2.606","91.10K","2.51%"
"2021- 01- 14","2.630","2.701","2.750","2.625","84.70K","-2.19%"
"2021- 01- 13","2.689","2.690","2.773","2.671","97.03K","-0.66%"
"2021- 01- 12","2.707","2.742","2.835","2.672","123.98K","0.15%"
"2021- 01- 11","2.703","2.577","2.755","2.561","109.23K","1.77%"
"2021- 01- 08","2.656","2.643","2.685","2.603","89.98K","-1.30%"
"2021- 01- 07","2.691","2.691","2.719","2.635","74.22K","0.26%"
"2021- 01- 06","2.684","2.658","2.732","2.584","69.45K","0.41%"
"2021- 01- 05","2.673","2.577","2.698","2.571","85.70K","4.37%"
"2021- 01- 04","2.561","2.601","2.643","2.553","69.27K","1.39%"