날짜,종가,시가,고가,저가,거래량,변동 %
2023- 03- 15,626.5,623.75,629.0,619.25,156.41K,-0.16%
2021- 11- 26,586.75,571.5,588.0,566.75,180.22K,1.21%
2024- 05- 31,446.25,449.0,453.75,445.5,174.86K,-0.56%
2022- 10- 11,693.0,697.0,702.0,690.75,140.43K,-0.75%
2022- 11- 30,662.0,665.75,667.0,660.0,18.20K,-0.56%
2023- 03- 06,637.0,639.0,640.25,634.0,110.48K,-1.28%
2022- 11- 16,665.25,665.25,666.0,657.5,121.44K,-0.22%
2023- 08- 09,481.0,485.75,490.0,479.0,120.22K,-0.98%
2022- 07- 08,778.25,750.75,781.0,744.0,,4.18%
2024- 04- 22,439.75,432.25,441.0,431.0,192.56K,-0.73%
2022- 10- 03,680.75,680.0,687.5,672.5,132.39K,0.48%
2024- 04- 16,431.0,431.25,432.25,428.5,148.12K,-0.12%
2022- 05- 05,803.75,799.75,804.75,796.0,0.41K,0.66%
2022- 11- 23,663.25,657.75,663.75,655.75,104.57K,0.99%
2023- 11- 15,488.5,493.75,496.5,485.0,188.61K,2.14%
2021- 11- 10,569.25,555.5,571.75,555.0,209.27K,2.61%
2024- 03- 07,426.0,418.25,427.5,418.25,1.65K,1.91%
2023- 12- 13,456.75,462.5,462.5,455.0,0.26K,-1.24%
2021- 10- 01,541.5,536.75,545.25,532.0,135.60K,0.88%
2023- 05- 04,646.5,642.25,649.5,637.5,2.27K,0.19%
2021- 03- 25,546.5,552.25,552.5,541.5,142.18K,-1.22%
2022- 09- 19,678.25,675.75,680.0,668.25,96.69K,0.15%
2021- 05- 31,666.88,666.88,666.88,666.88,,1.54%
2023- 11- 03,477.25,470.0,481.25,468.0,200.22K,1.54%
2024- 11- 05,418.5,416.25,419.75,415.25,167.93K,0.48%
2022- 11- 03,679.25,686.0,686.5,678.5,123.35K,-1.20%
2025- 01- 16,474.5,478.75,479.0,473.25,209.82K,-0.89%
2023- 10- 18,492.0,488.5,494.0,488.5,119.27K,0.61%
2024- 06- 04,442.5,442.5,448.25,440.0,221.27K,-0.23%
2024- 10- 16,404.75,401.25,406.75,401.0,214.29K,0.87%
2023- 08- 04,484.25,482.5,493.5,480.25,96.91K,0.73%
2022- 06- 09,773.0,764.5,782.75,758.0,226.33K,1.11%
2025- 03- 03,456.25,469.75,472.75,454.5,353.21K,-2.82%
2024- 12- 24,448.5,447.25,448.75,446.75,88.15K,0.17%
2023- 06- 29,581.0,591.75,603.5,574.0,42.59K,-1.53%
2025- 02- 03,488.75,476.75,491.0,472.5,322.17K,1.40%
2022- 05- 12,813.5,802.5,814.0,798.75,0.91K,1.40%
2021- 07- 19,556.0,570.0,571.5,548.75,67.34K,0.00%
2023- 11- 10,464.0,468.0,469.0,461.75,230.54K,-0.85%
2023- 06- 28,590.0,625.0,630.75,582.0,89.62K,-5.30%
2021- 07- 09,629.75,640.75,643.5,620.0,0.53K,-1.29%
2023- 08- 22,466.5,469.25,472.5,461.0,72.98K,-0.59%
2021- 08- 02,558.75,547.25,559.25,540.25,83.84K,2.15%
2024- 02- 08,433.25,434.5,437.0,429.75,222.88K,-0.23%
2022- 03- 30,738.0,727.0,748.75,726.75,109.72K,1.62%
2022- 04- 27,815.5,802.75,820.25,797.5,70.67K,1.53%
2021- 06- 28,675.5,637.75,676.5,636.75,83.83K,6.13%
2022- 08- 16,611.0,624.0,628.25,608.0,67.19K,-2.51%
2023- 10- 05,497.5,486.0,498.5,482.5,186.34K,2.37%
2024- 02- 06,438.75,442.75,445.5,438.25,193.36K,-0.90%
2022- 03- 04,756.5,761.75,800.0,741.0,2.19K,0.70%
2025- 01- 09,456.0,454.0,457.25,453.5,157.71K,0.44%
2023- 07- 13,593.5,547.5,593.75,547.5,0.13K,7.96%
2024- 11- 25,433.0,434.75,435.75,431.75,271.40K,-0.52%
2021- 07- 15,564.25,568.5,571.5,561.0,69.36K,-17.39%
2024- 03- 11,428.25,421.75,428.5,419.75,0.62K,0.47%
2022- 04- 15,791.0,791.0,791.0,791.0,,0.09%
2023- 05- 10,645.5,642.0,649.75,637.25,1.07K,0.51%
2023- 08- 31,461.0,461.75,468.0,459.0,12.07K,-0.16%
2021- 09- 02,516.25,515.5,521.0,510.0,1.32K,0.15%
2024- 07- 19,404.75,405.0,410.75,404.0,113.81K,-0.06%
2023- 03- 10,624.25,620.0,626.75,618.5,0.54K,2.09%
2022- 08- 19,626.0,619.0,627.75,616.0,51.22K,1.01%
2024- 10- 30,411.5,413.25,414.25,411.0,170.09K,-0.54%
2022- 07- 19,596.75,610.5,611.0,585.75,94.16K,-2.53%
2022- 04- 07,757.75,755.75,759.25,748.5,149.46K,0.17%
2023- 03- 27,648.25,643.0,648.75,637.0,145.57K,0.82%
2023- 06- 08,610.25,600.0,613.25,595.25,178.77K,0.99%
2023- 12- 11,460.5,465.5,466.25,461.0,0.38K,-1.13%
2023- 11- 27,475.25,483.25,485.0,473.0,211.13K,-1.50%
2024- 03- 27,426.75,432.0,432.25,426.25,165.19K,-1.33%
2023- 12- 14,456.75,459.0,460.0,456.75,0.01K,0.00%
2023- 03- 02,637.75,641.0,647.25,636.0,1.87K,-0.43%
2022- 12- 21,662.25,651.5,663.0,651.0,125.59K,1.57%
2021- 02- 14,539.5,539.5,539.5,539.5,,0.14%
2024- 09- 23,413.5,401.5,414.25,401.25,228.07K,2.92%
2021- 08- 18,561.75,559.0,563.5,556.5,64.05K,0.63%
2022- 01- 11,601.0,599.75,604.75,598.0,128.31K,0.21%
2021- 11- 08,551.5,552.0,554.75,549.5,166.98K,-0.27%
2023- 12- 07,468.25,465.0,469.25,465.0,0.32K,0.75%
2020- 12- 31,484.0,474.0,485.75,473.0,168.46K,2.00%
2022- 10- 21,684.25,683.5,688.0,677.75,109.02K,0.04%
2025- 02- 25,494.25,497.5,498.5,488.5,233.37K,-0.55%
2024- 08- 13,397.25,401.0,403.0,395.25,212.08K,-1.06%
2024- 04- 15,431.5,434.5,435.0,430.25,152.25K,-0.92%
2022- 04- 26,803.25,800.25,812.25,795.0,85.31K,0.37%
2022- 08- 17,615.0,611.0,618.5,608.0,49.24K,0.65%
2021- 12- 17,593.25,591.0,598.75,589.25,129.57K,0.34%
2022- 05- 10,786.5,787.5,790.75,782.5,0.60K,0.25%
2023- 07- 26,540.25,557.0,557.25,536.75,106.98K,-3.09%
2023- 09- 21,475.25,481.0,482.5,474.0,115.20K,-1.45%
2021- 09- 29,539.0,533.5,541.0,533.5,107.22K,1.22%
2021- 02- 24,559.25,553.5,560.75,552.0,174.40K,0.99%
2025- 01- 02,459.5,457.25,459.75,456.25,163.45K,0.16%
2023- 07- 27,533.25,540.25,547.0,532.25,95.91K,-1.30%
2021- 07- 07,652.5,656.0,666.0,645.0,0.59K,-0.53%
2023- 10- 10,485.5,488.0,488.25,484.25,110.08K,-0.56%
2024- 04- 05,434.25,435.0,438.5,432.25,192.94K,-0.23%
2022- 01- 06,603.75,601.25,605.75,596.0,151.44K,0.25%
2024- 01- 12,447.0,457.0,460.0,441.0,314.10K,-2.35%
2023- 08- 30,461.75,469.0,474.75,460.25,74.61K,-1.65%
2024- 05- 22,461.25,458.5,463.25,458.0,175.90K,0.71%
2024- 05- 02,459.75,450.0,460.5,449.75,240.17K,2.00%
2021- 12- 06,583.5,586.0,586.0,578.0,2.21K,-0.43%
2022- 12- 14,639.0,644.25,644.25,639.0,0.04K,-0.74%
2024- 01- 24,452.25,446.5,452.75,446.25,156.00K,1.29%
2023- 11- 22,487.75,488.25,493.25,487.0,131.96K,-0.26%
2022- 10- 10,698.25,683.75,706.5,683.5,201.82K,2.20%
2021- 03- 16,554.25,549.5,555.5,546.75,132.71K,0.86%
2024- 04- 12,435.5,428.25,437.5,427.0,202.05K,1.57%
2022- 10- 25,686.25,681.5,687.5,677.75,116.66K,0.70%
2021- 01- 26,532.25,513.0,534.25,508.0,232.26K,4.06%
2024- 12- 25,448.5,448.5,448.5,448.5,,0.00%
2024- 11- 21,436.25,439.75,442.25,435.75,184.04K,-0.85%
2025- 02- 19,512.25,515.25,518.75,511.0,185.42K,-0.68%
2022- 07- 12,732.75,781.0,785.25,732.0,1.32K,-6.21%
2024- 03- 29,442.25,442.25,442.25,442.25,,0.06%
2024- 06- 17,450.0,455.25,456.75,449.25,87.76K,0.00%
2021- 12- 09,588.5,585.75,591.25,576.75,2.08K,0.64%
2022- 08- 18,619.75,615.0,624.0,608.25,52.15K,0.77%
2022- 01- 07,606.75,605.25,608.25,599.0,140.37K,0.50%
2024- 12- 17,443.5,445.0,446.75,441.25,164.42K,-0.34%
2024- 12- 06,440.0,435.0,440.5,434.5,216.79K,1.15%
2023- 09- 22,477.25,475.0,478.5,474.25,88.61K,0.42%
2024- 12- 10,449.0,441.0,450.0,440.75,296.08K,1.64%
2021- 06- 23,664.25,660.5,666.25,659.25,127.09K,0.68%
2023- 04- 24,651.25,663.25,667.5,648.5,134.98K,-1.81%
2022- 09- 07,676.75,678.5,690.0,675.25,1.27K,-0.59%
2022- 01- 27,625.25,625.0,627.75,621.25,151.70K,-0.28%
2023- 08- 18,479.5,473.75,482.5,472.5,66.48K,1.37%
2022- 06- 06,742.5,732.25,744.25,731.5,131.92K,2.13%
2021- 05- 13,719.0,757.5,769.0,717.5,0.31K,-5.08%
2025- 03- 31,457.25,453.0,459.25,444.0,282.80K,0.88%
2024- 01- 17,442.25,443.5,448.25,440.0,205.71K,-0.28%
2023- 03- 03,645.25,639.75,648.25,638.25,1.04K,1.18%
2024- 11- 07,427.5,425.75,428.5,422.25,310.58K,0.29%
2024- 11- 18,439.75,434.75,440.0,433.0,149.25K,3.71%
2022- 07- 27,600.25,597.0,604.25,591.75,80.96K,0.54%
2023- 04- 17,676.5,666.0,677.0,662.25,146.90K,1.54%
2024- 01- 10,459.5,459.0,461.75,454.5,193.51K,0.05%
2022- 01- 20,611.0,609.0,614.25,606.25,127.68K,0.08%
2023- 05- 05,653.25,644.0,656.25,644.0,1.22K,1.04%
2021- 05- 03,732.25,740.0,758.25,724.0,3.09K,-1.05%
2024- 02- 28,428.5,423.75,430.5,421.75,227.19K,1.18%
2022- 11- 11,658.0,653.75,661.0,653.5,233.36K,0.73%
2024- 03- 20,439.0,439.0,439.5,435.5,131.97K,-0.11%
2023- 02- 14,682.25,684.0,688.25,681.75,137.23K,-0.40%
2024- 04- 29,449.25,450.0,451.25,445.5,211.47K,-0.17%
2023- 08- 24,472.25,476.25,480.5,468.5,85.16K,-0.84%
2024- 09- 11,380.5,379.75,381.25,377.0,0.12K,0.26%
2021- 04- 21,625.5,609.5,628.5,604.5,163.26K,3.13%
2021- 02- 10,534.5,556.0,556.25,531.75,285.72K,-3.91%
2024- 10- 18,404.75,406.75,409.5,403.75,193.54K,-0.49%
2022- 12- 06,625.5,630.75,635.5,623.0,0.51K,-0.52%
2023- 04- 28,636.0,628.25,639.0,622.0,13.72K,1.44%
2024- 04- 11,428.75,434.0,437.5,427.5,250.70K,-1.27%
2023- 06- 06,608.0,599.75,610.75,599.75,185.93K,1.76%
2024- 02- 22,406.0,410.0,415.5,404.25,199.94K,-1.22%
2023- 06- 30,554.5,585.0,595.0,552.0,6.46K,-4.56%
2025- 03- 25,457.75,464.5,464.75,457.0,148.19K,-1.45%
2023- 07- 18,528.75,497.75,534.75,495.25,132.50K,5.91%
2024- 06- 28,407.5,422.5,429.0,399.5,314.60K,-3.55%
2021- 03- 11,555.0,547.0,556.25,547.0,0.67K,1.32%
2023- 10- 19,505.0,492.0,505.5,490.25,279.44K,2.64%
2024- 12- 11,448.25,448.0,451.25,447.75,265.28K,-0.17%
2021- 03- 02,560.75,547.25,564.0,542.0,8.11K,2.42%
2022- 02- 17,650.0,645.5,652.0,642.75,121.28K,0.46%
2022- 04- 04,750.5,737.0,752.25,734.75,112.65K,2.11%
2024- 04- 26,450.0,451.75,454.0,449.25,225.50K,2.04%
2023- 09- 15,476.25,480.0,483.5,475.0,110.38K,2.97%
2024- 06- 06,452.0,439.25,453.25,438.75,261.54K,2.90%
2021- 12- 29,605.5,604.0,610.75,599.5,117.57K,0.12%
2022- 10- 13,697.75,692.25,699.5,684.0,167.24K,0.69%
2023- 01- 24,677.0,667.0,677.5,666.25,165.29K,1.61%
2024- 05- 14,453.75,461.0,461.0,453.25,0.03K,-1.04%
2021- 05- 19,658.25,660.5,663.0,637.0,136.69K,0.00%
2022- 11- 17,667.5,665.0,668.25,654.75,138.56K,0.34%
2022- 01- 04,609.5,591.75,611.25,591.5,210.27K,3.44%
2021- 08- 26,552.75,550.0,555.75,548.0,73.86K,0.27%
2024- 07- 26,410.0,421.0,421.75,409.25,161.57K,-2.55%
2021- 02- 18,550.25,552.75,554.5,548.0,123.41K,-0.50%
2021- 04- 26,680.5,661.0,680.5,661.0,157.51K,3.81%
2022- 01- 13,587.5,599.0,599.75,585.25,186.55K,-1.92%
2023- 01- 04,653.75,670.75,671.75,652.5,175.76K,-2.50%
2023- 07- 28,521.0,533.0,538.5,516.75,90.55K,-2.30%
2022- 02- 03,616.75,622.5,624.25,610.25,215.87K,-0.92%
2022- 12- 30,678.5,679.5,685.0,676.5,90.32K,-0.15%
2025- 03- 27,450.0,451.75,452.75,447.25,170.19K,-0.28%
2022- 10- 19,678.25,681.0,684.5,674.0,112.23K,-0.40%
2024- 08- 27,392.75,385.75,394.5,385.0,283.62K,1.62%
2023- 11- 07,468.5,477.0,477.5,468.0,215.81K,-1.83%
2021- 02- 23,553.75,550.75,559.5,550.0,134.97K,0.50%
2024- 05- 20,460.5,452.75,463.5,452.25,185.09K,1.77%
2023- 12- 18,477.0,482.5,482.75,475.5,129.45K,-1.24%
2022- 12- 27,674.75,669.0,675.75,667.25,123.17K,1.28%
2022- 11- 14,657.25,657.0,662.0,652.25,181.57K,-0.11%
2021- 01- 01,485.75,485.75,485.75,485.75,,0.36%
2023- 01- 10,655.0,651.75,664.0,648.25,181.16K,0.34%
2022- 09- 01,658.25,671.0,673.75,655.0,9.01K,-2.30%
2022- 06- 03,727.0,730.25,736.0,725.75,105.54K,-0.45%
2023- 02- 23,659.25,674.75,676.0,657.5,267.75K,-2.22%
2023- 05- 15,592.5,581.5,598.75,581.5,164.17K,-6.44%
2021- 09- 21,517.0,522.0,522.75,512.75,119.15K,-0.91%
2021- 02- 19,542.75,549.25,555.5,540.75,203.47K,-1.36%
2022- 08- 31,673.75,680.75,683.0,664.25,7.83K,-0.88%
2023- 02- 17,677.75,676.0,679.0,675.0,144.08K,0.26%
2021- 08- 03,550.5,555.75,563.5,546.75,95.21K,-1.48%
2021- 03- 12,549.25,545.0,551.5,544.5,0.07K,-1.04%
2022- 08- 05,610.25,602.0,614.0,597.0,125.02K,1.33%
2022- 01- 14,596.25,587.5,598.25,585.25,140.63K,1.49%
2022- 03- 22,753.0,756.75,761.0,744.0,104.19K,-0.43%
2024- 08- 15,397.0,400.75,403.75,396.25,217.11K,-0.94%
2024- 05- 13,458.5,453.5,461.5,453.5,0.32K,0.60%
2022- 05- 16,809.5,795.0,810.25,792.75,138.86K,1.89%
2021- 12- 10,588.5,588.5,592.0,585.0,0.86K,0.00%
2024- 06- 05,439.25,442.5,444.25,438.25,183.31K,-0.73%
2021- 10- 12,522.5,532.75,533.0,519.25,196.60K,-1.97%
2024- 12- 13,430.0,434.25,434.25,426.25,0.02K,-0.41%
2024- 09- 06,406.25,410.0,416.0,405.5,174.63K,-1.10%
2024- 01- 29,440.25,446.25,447.5,437.5,203.57K,-1.34%
2023- 06- 14,607.75,610.25,618.75,601.5,187.54K,-0.78%
2023- 07- 12,549.75,573.0,574.5,547.25,0.71K,-3.85%
2022- 12- 07,627.75,626.5,632.5,624.0,0.66K,0.36%
2021- 01- 05,491.75,484.5,496.0,482.5,219.65K,1.65%
2025- 02- 04,494.5,488.0,497.25,487.25,279.78K,1.18%
2021- 06- 21,659.25,640.25,665.0,636.0,127.44K,0.61%
2024- 09- 27,418.0,413.0,419.75,410.75,218.58K,1.15%
2021- 06- 22,659.75,662.75,668.0,653.75,145.93K,0.08%
2023- 04- 25,646.5,651.25,653.0,641.5,100.63K,-0.73%
2022- 12- 16,653.0,653.5,655.75,650.0,66.40K,-0.08%
2024- 01- 16,443.5,447.75,451.25,442.0,175.65K,-0.78%
2023- 08- 25,470.75,471.25,477.0,469.0,84.41K,-0.32%
2023- 02- 01,681.0,679.25,682.0,672.75,144.37K,0.18%
2022- 03- 31,748.75,739.25,770.0,732.5,173.74K,1.46%
2021- 07- 12,669.25,629.75,666.0,619.5,0.43K,6.27%
2021- 09- 07,495.75,509.0,509.0,496.0,0.73K,-5.44%
2021- 11- 02,573.0,578.25,586.0,572.0,174.07K,-1.04%
2025- 04- 07,458.9,455.6,459.13,454.3,4.64K,-0.29%
2023- 08- 07,482.25,484.75,488.5,476.0,164.88K,-0.41%
2023- 11- 02,470.0,475.0,477.0,469.5,202.19K,-1.05%
2023- 10- 03,487.5,488.0,489.25,484.25,138.10K,-0.26%
2024- 01- 08,455.0,461.0,462.5,452.0,214.32K,-1.25%
2021- 09- 27,539.5,524.75,540.0,524.0,144.95K,2.42%
2021- 03- 22,549.0,558.0,558.75,546.75,129.30K,-1.57%
2021- 09- 17,527.25,529.0,530.5,521.75,109.53K,-0.42%
2023- 03- 08,625.5,635.0,637.5,624.5,161.08K,-1.38%
2022- 10- 31,691.5,696.5,700.0,684.25,226.70K,1.58%
2021- 02- 22,551.0,544.25,551.5,543.5,140.63K,1.52%
2023- 04- 10,654.0,644.5,655.0,640.25,150.10K,1.63%
2024- 08- 02,403.25,399.25,404.75,398.5,150.81K,1.19%
2023- 06- 27,623.0,643.0,644.5,622.25,93.04K,-2.24%
2024- 10- 09,421.0,420.25,423.5,420.0,148.82K,0.06%
2023- 03- 14,627.5,624.0,627.5,624.0,0.12K,0.48%
2023- 02- 13,685.0,680.0,686.5,676.75,193.01K,0.66%
2021- 11- 24,579.75,580.25,589.0,575.5,265.93K,-0.13%
2021- 03- 17,558.0,554.0,558.5,552.0,129.65K,0.68%
2024- 11- 27,428.0,427.75,431.0,427.5,264.98K,0.00%
2021- 02- 15,539.62,539.38,539.62,539.38,,0.02%
2024- 07- 22,415.0,405.25,415.5,405.25,170.64K,2.53%
2023- 10- 30,478.25,480.0,484.25,477.5,136.57K,-0.52%
2021- 08- 05,555.75,546.75,560.75,545.75,92.97K,1.83%
2024- 03- 08,426.25,424.25,426.5,420.5,0.76K,0.06%
2021- 01- 14,534.25,523.0,536.5,519.0,210.37K,1.86%
2024- 04- 10,434.25,431.0,435.75,430.75,210.26K,0.70%
2024- 12- 27,454.0,453.25,455.0,452.25,162.02K,0.06%
2024- 02- 13,430.75,430.25,434.75,428.75,182.68K,0.06%
2024- 10- 01,429.0,423.5,432.5,421.75,262.76K,1.00%
2024- 01- 31,448.25,447.25,448.75,443.25,135.49K,0.11%
2023- 02- 06,679.0,677.25,679.25,672.25,123.61K,0.22%
2023- 12- 21,472.5,470.0,474.0,469.25,108.60K,0.59%
2024- 09- 12,386.25,380.5,387.5,380.5,0.12K,1.51%
2023- 02- 09,670.75,678.25,681.0,670.25,214.28K,-1.14%
2021- 05- 10,748.0,766.75,770.5,744.75,0.81K,-3.20%
2022- 05- 03,800.75,817.5,822.0,799.75,2.21K,-1.51%
2024- 09- 25,415.25,411.75,415.5,408.5,158.96K,0.85%
2023- 12- 05,468.5,460.25,468.5,460.25,0.64K,1.79%
2022- 03- 17,754.5,730.0,757.5,728.5,90.27K,3.36%
2024- 08- 14,400.75,397.0,401.75,395.5,175.72K,0.88%
2025- 02- 26,493.5,495.0,500.0,492.25,221.42K,-0.15%
2022- 09- 12,712.25,690.25,721.5,689.0,1.33K,1.97%
2024- 07- 03,405.5,407.75,409.75,404.0,110.94K,-0.61%
2021- 01- 04,483.75,487.25,497.75,479.5,265.16K,-0.41%
2021- 06- 16,673.0,670.0,687.75,663.75,169.91K,0.82%
2023- 07- 21,527.0,536.5,538.75,522.5,121.03K,-1.91%
2022- 10- 04,683.0,680.75,691.5,676.5,119.21K,0.33%
2024- 08- 07,400.75,404.25,404.75,399.0,207.13K,-1.11%
2022- 10- 20,684.0,678.0,687.0,676.75,134.82K,0.85%
2024- 09- 18,412.75,412.0,415.0,411.0,134.64K,0.06%
2024- 08- 01,398.5,399.75,400.75,395.0,152.32K,-0.31%
2025- 03- 28,453.25,450.25,454.0,442.0,206.96K,0.72%
2021- 07- 20,571.75,558.0,576.25,557.25,77.00K,2.83%
2021- 08- 23,538.0,536.0,544.25,531.5,50.27K,-0.14%
2022- 04- 18,813.25,791.0,816.75,790.25,114.98K,2.81%
2023- 04- 27,627.0,642.0,644.25,621.75,59.71K,-2.26%
2022- 11- 28,668.75,665.0,670.0,661.0,149.23K,0.11%
2024- 12- 23,447.75,446.0,448.25,445.25,132.88K,0.34%
2022- 02- 24,695.0,683.5,718.75,682.0,161.61K,1.65%
2024- 05- 03,460.25,459.5,468.0,457.25,303.31K,0.11%
2024- 06- 03,443.5,445.75,449.0,439.0,262.80K,-0.62%
2022- 02- 07,635.25,628.75,636.75,624.75,232.61K,2.38%
2024- 09- 30,424.75,416.5,427.75,415.5,272.93K,1.61%
2022- 11- 25,668.0,661.25,669.75,661.0,71.24K,0.72%
2022- 04- 08,768.75,757.0,773.0,752.75,170.87K,1.45%
2024- 07- 16,408.75,403.25,411.0,403.25,146.69K,1.11%
2025- 02- 06,495.25,493.25,496.5,486.0,299.13K,0.41%
2024- 11- 01,414.5,410.75,415.75,410.5,197.41K,0.91%
2021- 11- 30,567.0,581.0,582.0,562.0,24.99K,-2.41%
2023- 03- 01,640.5,630.0,641.5,623.5,5.43K,1.75%
2021- 03- 01,547.5,560.5,562.5,547.0,6.53K,-1.44%
2023- 05- 09,642.25,654.75,654.75,639.5,1.59K,-2.17%
2023- 05- 31,594.0,594.25,594.75,577.5,170.16K,0.00%
2025- 03- 04,451.5,456.0,459.25,442.5,391.27K,-1.04%
2023- 02- 15,676.25,682.0,682.5,675.5,116.55K,-0.88%
2021- 08- 20,538.75,550.25,554.25,533.25,83.00K,-2.05%
2022- 11- 01,697.75,689.0,698.5,687.25,146.47K,0.90%
2022- 02- 08,632.25,636.5,636.75,627.25,200.58K,-0.47%
2023- 10- 25,480.0,483.5,486.0,476.75,177.28K,-0.83%
2022- 08- 03,591.5,587.0,597.0,583.0,101.91K,0.04%
2023- 10- 02,488.75,477.0,489.75,476.0,159.22K,2.52%
2023- 06- 21,671.0,650.0,672.5,647.25,150.76K,4.23%
2024- 03- 22,439.25,440.25,441.5,436.0,132.90K,-0.34%
2022- 09- 09,698.5,678.75,700.5,678.75,1.44K,4.49%
2022- 02- 25,659.5,696.75,707.0,657.0,94.80K,-5.11%
2023- 07- 06,566.75,547.25,569.25,547.25,1.41K,3.37%
2023- 09- 14,462.5,455.75,459.25,455.75,0.09K,-0.32%
2024- 07- 29,412.25,407.5,413.0,405.5,169.46K,0.55%
2025- 03- 12,448.75,455.0,455.0,444.0,0.23K,-1.70%
2022- 12- 15,653.5,650.25,654.25,647.75,93.74K,2.27%
2022- 05- 18,781.5,800.75,802.25,778.0,120.12K,-2.40%
2025- 01- 08,454.0,457.75,459.25,453.5,192.59K,-0.87%
2024- 03- 12,429.0,425.0,435.0,424.75,0.53K,0.18%
2021- 04- 08,579.75,560.75,583.0,559.25,258.79K,3.43%
2024- 03- 04,417.5,412.0,420.75,412.0,2.21K,1.27%
2022- 08- 02,591.25,604.0,605.25,589.25,107.01K,-2.59%
2023- 10- 23,490.25,494.25,497.0,490.25,126.44K,-1.06%
2022- 06- 08,764.5,757.0,774.0,756.0,223.85K,0.99%
2021- 10- 08,530.5,533.25,538.75,530.0,95.48K,-0.66%
2022- 10- 07,683.25,675.5,684.5,671.5,113.58K,1.15%
2023- 02- 07,674.0,677.0,678.5,673.5,149.45K,-0.74%
2022- 06- 17,784.5,787.5,800.0,782.25,116.06K,-0.48%
2021- 06- 04,682.75,663.5,685.75,660.75,142.30K,3.13%
2023- 06- 16,640.25,623.0,641.0,622.25,223.69K,2.73%
2023- 09- 18,471.5,475.25,478.75,469.0,143.32K,-1.00%
2021- 04- 22,650.5,624.25,650.5,623.5,147.25K,4.00%
2021- 03- 03,550.25,560.0,560.0,548.0,3.81K,-1.87%
2023- 10- 12,496.0,487.75,498.75,482.25,208.37K,1.64%
2023- 08- 21,469.25,486.0,493.0,468.0,74.71K,-2.14%
2024- 12- 20,446.25,439.75,447.5,439.5,191.42K,1.25%
2021- 04- 14,594.0,579.75,597.75,578.75,242.72K,2.41%
2023- 04- 14,666.25,653.75,668.0,651.0,154.00K,2.15%
2021- 04- 29,702.0,683.75,704.5,681.0,30.79K,2.30%
2024- 10- 24,421.5,418.75,424.0,418.25,287.99K,0.60%
2023- 08- 14,475.75,476.25,479.75,468.75,73.61K,0.26%
2024- 11- 29,433.0,428.0,433.75,427.25,124.10K,1.17%
2021- 03- 04,546.25,550.25,554.25,546.0,2.13K,-0.73%
2021- 05- 05,753.25,750.0,756.0,740.75,1.78K,1.14%
2022- 06- 24,750.25,745.0,762.25,735.0,155.99K,0.47%
2022- 06- 14,768.25,765.75,771.0,759.0,125.80K,-0.13%
2025- 03- 21,464.25,467.25,469.75,461.25,182.43K,-1.01%
2023- 09- 13,464.0,466.75,467.75,462.5,0.12K,0.16%
2022- 10- 28,680.75,681.25,683.75,676.25,115.07K,-0.22%
2021- 08- 30,540.25,557.25,560.0,531.5,73.57K,-3.18%
2025- 02- 05,493.25,494.0,498.5,489.75,226.00K,-0.25%
2024- 08- 09,395.0,396.75,399.0,393.5,182.30K,-0.50%
2023- 08- 15,464.0,474.0,474.0,462.0,89.97K,-2.47%
2022- 12- 23,666.25,659.5,667.75,659.25,94.50K,0.87%
2021- 10- 27,557.25,542.5,563.25,539.5,241.14K,2.53%
2023- 08- 01,497.0,504.0,508.0,496.5,116.23K,-1.39%
2023- 02- 10,680.5,670.75,682.75,669.25,226.65K,1.45%
2021- 04- 13,580.0,569.0,584.5,565.5,225.72K,1.93%
2021- 01- 28,534.5,533.25,550.5,529.0,252.54K,0.09%
2022- 02- 23,683.75,674.0,685.0,669.25,154.73K,1.33%
2022- 06- 13,769.25,781.0,782.25,758.5,170.04K,-0.52%
2024- 04- 02,426.5,435.75,436.75,424.5,235.50K,-2.07%
2023- 12- 08,465.75,468.0,472.0,466.25,0.32K,-0.53%
2025- 03- 17,461.0,460.0,465.5,457.25,180.88K,3.48%
2021- 12- 01,572.0,568.0,576.0,567.0,6.27K,0.88%
2023- 12- 26,480.25,473.0,481.0,471.5,114.20K,1.53%
2021- 10- 25,538.0,537.0,542.0,535.0,107.05K,0.00%
2024- 05- 21,458.0,460.0,461.25,455.0,168.07K,-0.54%
2024- 07- 24,418.0,416.5,423.75,414.5,166.66K,0.18%
2024- 11- 14,419.0,426.0,428.0,418.25,292.27K,-1.76%
2023- 03- 16,632.75,626.0,635.0,624.75,167.31K,1.00%
2025- 03- 06,464.0,457.0,473.5,452.75,313.86K,1.81%
2023- 11- 08,476.0,469.0,480.5,468.5,322.78K,1.60%
2021- 05- 14,685.0,717.25,718.75,685.0,0.03K,-4.73%
2021- 05- 12,757.5,764.25,769.25,750.0,0.33K,-0.26%
2022- 01- 24,621.0,617.5,621.5,609.25,194.81K,0.77%
2023- 12- 01,464.5,460.25,469.5,458.25,3.31K,-3.78%
2023- 07- 25,557.5,559.75,563.75,545.5,104.80K,-0.54%
2022- 09- 29,669.5,670.5,676.75,666.0,139.45K,-0.15%
2021- 06- 25,636.5,653.25,659.5,634.0,123.02K,-2.56%
2024- 06- 18,455.75,450.25,457.25,449.5,106.45K,1.28%
2022- 05- 17,800.75,808.0,809.25,797.25,98.32K,-1.08%
2024- 11- 22,435.25,436.25,439.0,434.5,175.79K,-0.23%
2021- 08- 24,544.5,539.5,546.5,537.0,82.65K,1.21%
2024- 12- 30,452.25,453.75,458.5,449.75,217.07K,-0.39%
2022- 05- 30,775.62,776.0,777.12,775.62,,-0.21%
2024- 02- 23,399.75,406.0,409.25,398.5,218.22K,-1.54%
2021- 08- 16,564.75,568.25,572.0,561.0,60.69K,-0.62%
2023- 07- 20,537.25,545.0,554.5,533.0,123.96K,-1.51%
2024- 08- 29,396.0,390.0,396.25,389.25,236.85K,1.34%
2024- 12- 19,440.75,437.0,441.0,435.75,182.52K,0.80%
2021- 12- 07,586.25,584.0,589.5,579.5,1.89K,0.47%
2022- 12- 19,647.25,650.5,650.75,644.0,83.17K,-0.88%
2023- 07- 03,557.25,558.5,568.25,553.25,1.61K,0.50%
2024- 07- 11,400.25,395.25,403.0,394.75,197.07K,1.14%
2024- 03- 13,426.5,430.0,432.5,430.0,0.08K,-0.58%
2024- 05- 01,450.75,446.75,451.5,443.75,151.38K,0.90%
2023- 05- 03,645.25,636.5,646.0,626.5,2.08K,1.14%
2021- 02- 17,553.0,552.0,554.75,547.5,121.35K,0.14%
2023- 01- 20,676.25,675.5,678.0,672.5,134.98K,-0.15%
2024- 10- 21,409.5,403.75,411.75,403.0,241.76K,1.17%
2021- 07- 23,547.25,564.75,569.25,544.5,81.45K,-3.06%
2023- 03- 29,650.5,646.25,655.5,645.75,156.69K,0.50%
2021- 04- 01,559.75,575.0,585.0,556.5,249.75K,-0.80%
2021- 02- 05,548.5,548.5,552.25,545.5,216.45K,-0.27%
2024- 10- 08,420.75,426.0,428.0,419.25,229.66K,-1.23%
2024- 10- 22,416.5,409.0,417.0,408.25,267.22K,1.71%
2023- 05- 23,577.5,570.25,580.75,564.0,133.38K,1.14%
2022- 02- 09,646.75,632.25,647.75,630.5,320.41K,2.29%
2025- 01- 14,474.5,475.5,479.75,473.5,278.02K,-0.42%
2022- 11- 15,666.75,657.0,675.0,651.25,234.10K,1.45%
2022- 03- 09,735.0,756.25,757.25,734.0,0.19K,-2.58%
2024- 11- 06,426.25,418.0,426.75,414.25,283.19K,1.85%
2022- 09- 30,677.5,669.5,696.25,669.25,253.85K,1.19%
2023- 10- 20,495.5,504.0,509.5,495.0,264.54K,-1.88%
2024- 03- 18,436.0,437.0,440.5,434.0,121.82K,-0.17%
2025- 01- 30,490.25,496.25,497.0,490.0,218.11K,-1.36%
2023- 11- 17,485.25,493.25,493.5,485.0,106.98K,-1.62%
2024- 07- 01,407.0,407.5,410.0,401.0,158.70K,-0.12%
2024- 11- 11,430.0,430.0,432.0,426.5,250.21K,-0.23%
2021- 06- 15,667.5,662.75,668.5,646.75,176.45K,1.25%
2021- 08- 27,558.0,553.0,558.75,548.75,107.36K,0.95%
2021- 09- 01,515.5,534.0,535.0,514.25,5.19K,-3.46%
2021- 11- 29,581.0,586.0,588.25,576.5,158.23K,-0.98%
2024- 03- 25,437.75,439.0,441.25,437.0,118.61K,-0.34%
2021- 11- 04,559.25,563.75,569.75,556.5,149.48K,-0.84%
2023- 07- 07,560.5,567.0,571.75,560.0,1.32K,-1.10%
2022- 03- 08,754.5,747.5,759.0,724.0,0.55K,0.70%
2024- 01- 25,451.75,451.5,453.25,447.5,169.29K,-0.11%
2023- 11- 30,482.75,475.25,484.5,475.0,189.36K,1.47%
2022- 07- 06,744.25,746.0,761.0,726.0,2.70K,1.12%
2024- 01- 11,457.75,459.0,461.5,455.75,165.19K,-0.38%
2024- 09- 05,410.75,412.75,413.25,406.75,162.78K,-0.48%
2024- 10- 10,418.5,421.0,424.0,418.0,171.36K,-0.59%
2021- 09- 10,502.75,499.0,505.0,487.75,0.37K,1.36%
2021- 07- 16,556.0,564.0,570.5,553.25,83.02K,-1.46%
2022- 08- 22,633.5,622.75,635.25,618.0,67.38K,1.20%
2025- 01- 24,486.5,487.0,489.5,483.5,208.96K,-0.66%
2023- 11- 13,477.25,463.25,477.75,461.0,249.73K,2.86%
2021- 02- 26,555.5,554.5,556.5,546.25,21.40K,0.14%
2024- 09- 16,410.75,413.0,413.0,408.5,150.82K,5.12%
2023- 05- 26,604.0,590.25,606.75,588.25,178.64K,2.24%
2022- 09- 06,680.75,670.75,682.0,667.5,1.29K,2.00%
2023- 09- 08,468.5,471.25,472.25,467.0,0.23K,-0.48%
2021- 06- 11,684.5,699.5,703.0,673.0,233.95K,-2.07%
2024- 01- 02,463.75,470.5,470.75,462.5,187.19K,-1.59%
2025- 03- 11,456.5,458.0,464.0,458.0,0.08K,-0.49%
2021- 08- 06,555.0,555.0,560.5,548.75,142.76K,-0.13%
2021- 09- 06,524.25,524.25,524.25,524.25,,3.20%
2021- 05- 27,664.5,626.0,664.5,621.25,160.61K,6.41%
2023- 08- 28,478.5,476.25,480.0,472.25,87.58K,1.65%
2023- 02- 22,674.25,679.75,681.0,674.0,125.72K,-0.92%
2021- 03- 08,565.0,565.25,571.25,557.0,2.32K,0.53%
2022- 06- 01,731.25,753.75,756.25,720.5,210.39K,-2.95%
2025- 02- 11,484.0,491.75,497.0,483.25,311.26K,-1.53%
2024- 07- 30,405.0,412.0,412.75,404.0,136.87K,-1.76%
2024- 04- 18,426.75,429.5,431.0,426.25,180.78K,-3.23%
2021- 07- 06,656.0,685.25,685.25,645.5,1.71K,-5.92%
2022- 03- 18,741.75,753.75,755.0,736.5,84.41K,-1.69%
2021- 11- 01,579.0,568.0,582.0,565.25,197.41K,1.89%
2021- 05- 17,652.5,642.25,656.75,633.0,185.35K,-4.74%
2024- 08- 28,390.75,392.25,394.0,388.75,270.54K,-0.51%
2022- 09- 27,667.5,666.25,678.0,666.25,163.17K,0.19%
2022- 08- 24,665.75,659.75,675.5,655.75,76.02K,0.87%
2024- 02- 20,418.75,416.25,421.5,414.75,217.84K,0.54%
2022- 10- 14,689.75,697.0,699.5,688.5,108.82K,-1.15%
2022- 07- 22,564.25,575.0,582.75,561.5,95.96K,-2.00%
2022- 06- 29,770.25,758.25,780.0,755.5,63.70K,1.42%
2023- 01- 05,652.75,654.5,657.75,648.5,138.83K,-0.15%
2021- 11- 16,571.0,576.0,577.5,570.0,137.34K,-0.95%
2025- 03- 13,453.5,450.0,459.25,450.0,0.10K,1.06%
2024- 10- 07,426.0,424.0,427.0,421.25,161.44K,0.29%
2023- 12- 28,474.25,476.0,478.75,474.0,99.40K,-0.47%
2024- 04- 04,435.25,432.25,436.0,429.75,153.81K,0.81%
2022- 04- 06,756.5,759.75,761.5,750.25,110.92K,-0.43%
2021- 01- 25,511.5,500.0,515.5,492.5,264.76K,2.20%
2024- 07- 09,394.0,393.5,398.75,391.75,158.71K,0.19%
2024- 10- 23,419.0,416.0,420.0,414.0,246.01K,0.60%
2021- 02- 01,549.25,549.0,555.75,539.0,219.07K,0.41%
2022- 06- 07,757.0,739.0,765.0,735.0,227.58K,1.95%
2022- 11- 10,653.25,664.5,667.25,652.75,229.08K,-1.69%
2024- 07- 23,417.25,413.75,422.5,411.75,175.65K,0.54%
2024- 01- 30,447.75,439.75,448.25,436.5,194.90K,1.70%
2021- 10- 22,538.0,533.0,540.0,532.0,109.35K,1.08%
2022- 01- 05,602.25,608.5,609.75,601.25,148.50K,-1.19%
2021- 12- 08,584.75,585.0,589.0,584.0,2.37K,-0.26%
2021- 04- 06,554.25,553.75,561.5,552.25,134.85K,0.18%
2022- 03- 28,748.5,749.0,750.25,740.5,89.18K,-0.73%
2023- 03- 22,633.5,631.25,636.0,623.25,154.75K,0.56%
2023- 10- 17,489.0,490.0,492.75,487.75,102.03K,-0.20%
2025- 01- 31,482.0,488.25,488.75,479.25,318.48K,-1.68%
2023- 05- 18,555.25,561.25,561.75,547.0,181.02K,-1.11%
2024- 08- 23,391.0,393.25,396.25,390.75,190.43K,-0.64%
2021- 11- 15,576.5,576.25,578.75,569.75,128.06K,-0.13%
2024- 08- 05,407.0,402.25,407.75,396.0,172.74K,0.93%
2025- 03- 14,445.5,443.25,443.25,443.25,0.03K,-1.76%
2023- 03- 30,649.5,649.75,654.75,648.0,119.49K,-0.15%
2025- 01- 28,485.25,482.25,489.25,481.0,225.86K,0.67%
2024- 07- 08,393.25,409.5,410.0,391.25,183.88K,-4.20%
2021- 06- 14,659.25,675.75,676.25,653.0,159.57K,-3.69%
2023- 03- 24,643.0,631.0,645.0,627.5,191.26K,1.78%
2022- 03- 01,739.75,699.75,744.25,699.75,7.26K,6.06%
2022- 02- 18,654.25,648.5,658.0,647.0,154.05K,0.65%
2023- 05- 12,633.25,634.75,638.75,623.5,0.24K,0.12%
2024- 02- 26,407.0,399.75,407.75,394.5,227.18K,1.81%
2021- 10- 21,532.25,539.0,540.0,530.75,119.39K,-1.30%
2022- 04- 11,764.5,767.0,778.0,762.0,170.23K,-0.55%
2024- 05- 16,457.0,462.25,465.25,456.0,200.53K,-1.19%
2025- 02- 28,469.5,481.25,483.75,469.0,287.88K,-2.39%
2021- 09- 16,529.5,533.5,537.5,528.0,118.91K,-0.75%
2023- 07- 17,499.25,512.0,519.75,496.25,87.97K,-16.76%
2021- 02- 09,556.25,565.0,574.25,545.0,390.74K,-1.33%
2023- 10- 27,480.75,479.25,484.0,478.25,126.30K,0.31%
2024- 05- 10,455.75,443.25,455.5,443.25,0.32K,2.94%
2025- 02- 12,490.25,483.75,492.25,481.5,271.39K,1.29%
2022- 08- 15,626.75,630.5,635.25,616.5,56.71K,-2.03%
2021- 01- 22,500.5,522.5,522.75,499.25,289.55K,-4.53%
2023- 10- 13,493.25,495.0,498.75,490.5,138.23K,-0.55%
2023- 05- 30,594.0,603.75,605.0,591.5,176.21K,-1.66%
2021- 01- 21,524.25,521.0,531.5,519.25,169.57K,0.43%
2022- 07- 20,592.25,595.5,600.5,589.0,76.18K,-0.75%
2021- 05- 28,656.75,666.25,672.75,651.25,150.33K,-1.17%
2021- 04- 20,606.5,593.0,611.75,592.75,180.19K,2.45%
2021- 08- 11,556.25,548.75,558.5,548.25,184.26K,1.27%
2024- 07- 02,408.0,408.0,413.75,405.75,121.58K,0.25%
2021- 05- 21,659.5,664.75,666.75,653.5,109.62K,-0.75%
2021- 05- 07,772.75,763.25,775.0,755.0,0.68K,1.74%
2023- 04- 11,651.0,653.5,657.75,646.75,200.26K,-0.46%
2021- 01- 20,522.0,525.0,526.5,512.75,217.78K,-0.76%
2021- 06- 30,720.0,694.0,743.25,675.5,18.23K,3.67%
2022- 12- 20,652.0,647.75,654.25,646.75,91.46K,0.73%
2024- 08- 20,398.0,400.0,401.0,397.75,156.42K,-0.56%
2022- 07- 29,616.25,615.0,632.0,611.5,99.16K,0.20%
2021- 03- 29,546.75,551.75,552.0,542.25,119.80K,-1.04%
2024- 08- 16,392.5,396.0,397.5,390.0,215.49K,-1.13%
2022- 06- 23,746.75,767.25,767.25,734.5,215.84K,-2.77%
2022- 01- 25,620.0,620.0,631.0,618.5,298.40K,-0.16%
2024- 08- 30,401.0,395.0,401.75,394.5,187.44K,1.26%
2022- 02- 28,697.5,688.0,704.75,679.0,15.65K,5.76%
2022- 01- 28,636.0,623.25,637.25,623.0,188.66K,1.72%
2021- 06- 10,699.0,691.0,717.5,687.75,256.32K,1.19%
2024- 10- 29,413.75,410.0,414.75,410.0,197.43K,0.73%
2024- 05- 15,462.5,467.75,473.25,461.5,222.34K,1.93%
2021- 07- 02,697.25,720.0,727.0,683.0,4.75K,-3.13%
2024- 11- 08,431.0,427.5,434.75,426.75,347.31K,0.82%
2023- 08- 08,485.75,482.0,488.75,477.25,124.55K,0.73%
2023- 08- 10,483.25,481.5,485.5,480.0,93.32K,0.47%
2021- 11- 05,553.0,560.0,562.75,552.25,192.12K,-1.12%
2022- 12- 09,634.75,631.5,639.75,631.5,0.45K,0.44%
2021- 07- 26,549.75,549.25,551.25,536.75,72.95K,0.46%
2022- 08- 10,621.25,615.0,632.5,613.0,134.33K,0.93%
2024- 10- 17,406.75,404.5,407.5,399.0,255.48K,0.49%
2025- 01- 21,490.0,484.25,490.5,482.5,295.11K,1.19%
2024- 09- 03,409.25,400.5,410.0,398.5,238.85K,2.06%
2023- 09- 01,464.75,461.0,468.25,460.25,3.31K,0.81%
2021- 01- 11,492.25,496.5,500.5,490.25,176.56K,-0.81%
2024- 06- 12,454.25,449.0,455.0,448.5,276.47K,1.06%
2022- 08- 30,679.75,681.25,682.75,671.25,48.46K,-0.59%
2021- 06- 08,680.0,682.0,698.0,677.5,224.00K,0.11%
2021- 10- 18,532.75,525.75,533.75,523.0,119.58K,1.33%
2025- 03- 26,451.25,458.75,461.0,450.75,154.49K,-1.42%
2021- 08- 10,549.25,548.5,550.25,544.0,143.63K,-0.18%
2025- 02- 13,493.5,489.75,494.25,485.25,269.32K,0.66%
2023- 06- 23,630.75,655.75,657.5,629.0,142.97K,-4.50%
2022- 09- 08,668.5,671.0,675.25,659.0,,-1.22%
2024- 04- 08,435.5,433.75,437.5,431.5,215.99K,0.29%
2024- 01- 26,446.25,451.0,451.75,445.5,135.73K,-1.22%
2021- 11- 11,569.5,567.75,579.0,566.0,264.52K,0.04%
2023- 01- 03,670.5,677.25,681.25,668.0,155.54K,-1.18%
2022- 10- 18,681.0,683.0,683.75,674.5,147.46K,-0.37%
2021- 10- 05,537.5,540.0,543.0,535.25,119.60K,-0.60%
2021- 12- 27,614.75,608.25,615.5,607.0,123.21K,1.48%
2022- 01- 10,599.75,605.25,608.0,596.25,135.27K,-1.15%
2024- 03- 26,432.5,437.25,440.75,432.0,155.31K,-1.20%
2022- 11- 04,681.0,679.25,685.25,678.5,112.56K,0.26%
2024- 02- 05,442.75,442.75,445.0,439.5,137.66K,0.00%
2023- 08- 17,473.0,470.0,475.0,464.75,69.17K,0.75%
2024- 09- 04,412.75,408.75,413.5,407.5,205.92K,0.86%
2021- 09- 08,498.25,497.5,504.0,495.0,0.45K,0.50%
2022- 03- 11,764.5,758.0,768.5,755.0,0.23K,0.89%
2022- 09- 23,676.75,687.0,688.0,669.5,154.39K,-1.67%
2021- 03- 31,564.25,538.25,564.25,536.25,145.90K,4.64%
2023- 02- 02,675.25,681.0,686.0,674.25,149.91K,-0.84%
2021- 09- 03,508.0,516.75,518.25,506.75,0.97K,-1.60%
2023- 05- 02,638.0,641.75,652.0,635.5,5.51K,-0.23%
2022- 06- 15,774.0,767.0,779.75,762.0,105.91K,0.75%
2024- 09- 09,384.25,383.75,385.25,381.0,0.38K,-5.42%
2024- 09- 10,379.5,382.75,382.75,380.0,0.30K,-1.24%
2021- 12- 23,605.75,601.5,607.0,600.5,108.57K,0.54%
2023- 11- 24,482.5,487.5,489.25,481.75,109.60K,-1.08%
2021- 11- 23,580.5,576.25,581.0,572.5,179.30K,0.65%
2021- 04- 09,577.25,579.0,595.0,575.5,249.74K,-0.43%
2022- 08- 29,683.75,675.0,684.25,668.5,86.64K,2.24%
2022- 03- 23,757.75,752.25,770.5,749.0,112.40K,0.63%
2023- 11- 20,487.5,485.5,488.25,482.5,111.05K,0.46%
2023- 06- 07,604.25,605.0,612.5,601.75,174.30K,-0.62%
2023- 12- 22,473.0,472.5,474.0,471.5,80.48K,0.11%
2024- 07- 15,404.25,416.0,416.0,403.25,168.50K,0.56%
2024- 10- 11,415.75,418.5,422.75,415.25,224.07K,-0.66%
2021- 05- 24,657.25,652.25,658.5,645.5,106.87K,-0.34%
2022- 11- 08,667.5,675.75,677.0,666.25,227.16K,-1.22%
2024- 09- 13,390.75,381.25,394.0,381.0,0.04K,1.17%
2022- 04- 19,804.0,813.25,819.75,799.75,133.53K,-1.14%
2021- 01- 29,547.0,534.5,553.75,533.25,279.61K,2.34%
2024- 06- 27,422.5,425.5,427.5,422.25,257.43K,-0.71%
2022- 11- 07,675.75,679.0,680.75,675.25,162.56K,-0.77%
2024- 03- 01,412.25,415.5,418.0,409.25,3.48K,-4.02%
2024- 02- 09,429.0,433.0,437.0,428.25,206.27K,-0.98%
2021- 02- 08,563.75,548.75,565.75,548.75,267.65K,2.78%
2023- 09- 07,470.75,471.25,474.0,468.5,0.74K,-0.16%
2024- 10- 14,408.25,415.0,415.25,407.5,257.78K,-1.80%
2024- 07- 18,405.0,412.0,413.0,404.25,123.13K,-1.64%
2024- 06- 20,444.75,453.75,454.5,444.0,147.82K,-2.41%
2023- 07- 14,599.75,609.75,614.75,604.75,0.08K,1.05%
2021- 12- 20,591.0,595.0,595.75,587.0,106.04K,-0.38%
2024- 04- 17,441.0,442.75,444.25,440.75,122.10K,2.32%
2023- 08- 16,469.5,463.0,473.0,462.0,70.84K,1.19%
2021- 09- 24,526.75,528.5,528.75,524.0,93.10K,-0.47%
2021- 10- 13,512.25,523.0,525.25,506.75,203.33K,-1.96%
2021- 03- 15,549.5,537.0,550.75,532.75,140.62K,0.05%
2021- 10- 07,534.0,532.75,535.25,527.5,105.00K,0.33%
2021- 04- 05,553.25,561.25,564.5,549.75,143.68K,-1.16%
2024- 10- 03,428.25,431.5,433.25,427.5,181.33K,-0.98%
2022- 09- 28,670.5,668.25,673.25,661.5,137.43K,0.45%
2023- 09- 05,471.0,466.0,473.75,462.5,1.55K,1.34%
2021- 09- 14,503.0,497.0,502.25,497.0,0.08K,1.26%
2021- 10- 04,540.75,540.0,547.5,536.0,132.92K,-0.14%
2022- 05- 11,802.25,788.0,802.75,788.0,0.65K,2.00%
2021- 11- 22,576.75,570.5,579.0,569.75,172.30K,1.05%
2021- 03- 10,547.75,564.5,564.5,547.5,1.99K,-2.54%
2024- 05- 24,464.75,464.5,466.75,460.75,169.18K,0.16%
2022- 09- 22,688.25,683.5,691.0,681.5,97.07K,0.40%
2025- 04- 04,460.25,457.75,462.5,449.25,,0.60%
2021- 11- 03,564.0,572.0,573.25,563.0,149.89K,-1.57%
2021- 08- 12,567.0,554.75,589.5,548.5,247.37K,1.93%
2024- 12- 12,431.75,436.5,439.0,431.75,0.33K,-3.68%
2022- 10- 17,683.5,689.0,692.25,681.25,106.16K,-0.91%
2021- 06- 17,633.0,672.75,674.25,633.0,192.03K,-5.94%
2021- 10- 20,539.25,530.0,540.0,528.5,129.88K,1.70%
2023- 09- 27,483.25,479.75,486.75,479.0,125.71K,0.73%
2021- 01- 15,531.5,534.0,536.5,527.75,167.50K,-0.51%
2022- 01- 31,626.0,635.75,642.5,622.5,243.89K,-1.57%
2023- 04- 03,657.75,659.5,668.5,656.0,153.87K,-0.42%
2024- 03- 19,439.5,436.5,440.0,435.0,115.12K,0.80%
2021- 07- 22,564.5,571.5,571.75,555.0,81.02K,-1.27%
2023- 07- 11,571.75,567.5,585.5,567.5,0.79K,0.18%
2023- 04- 20,663.75,672.0,674.0,661.5,120.92K,-1.26%
2021- 12- 28,604.75,614.25,617.75,603.75,134.21K,-1.63%
2024- 10- 28,410.75,413.25,414.75,410.0,251.36K,-1.08%
2022- 07- 14,695.0,738.25,746.5,694.0,0.03K,-6.08%
2024- 05- 07,453.75,457.0,459.5,453.75,1.02K,-0.71%
2021- 04- 30,740.0,702.5,746.25,699.25,9.86K,5.41%
2022- 11- 09,664.5,667.0,671.75,658.0,246.97K,-0.45%
2022- 08- 11,629.25,621.0,630.75,618.75,112.04K,1.29%
2023- 10- 16,490.0,493.5,496.75,489.5,113.49K,-0.66%
2021- 12- 31,593.25,595.75,599.25,592.5,69.87K,-0.46%
2022- 08- 23,660.0,637.0,666.75,635.75,95.35K,4.18%
2021- 06- 09,690.75,682.5,695.5,669.5,214.26K,1.58%
2024- 05- 06,457.0,447.0,458.5,444.5,1.91K,-0.71%
2022- 01- 12,599.0,601.0,604.0,591.0,181.63K,-0.33%
2021- 09- 13,496.75,503.5,503.5,493.0,0.31K,-1.19%
2022- 08- 04,602.25,591.5,607.0,585.75,83.78K,1.82%
2024- 01- 05,460.75,466.5,467.75,460.0,151.59K,-1.23%
2022- 09- 13,709.0,721.25,725.0,710.0,0.61K,-0.46%
2023- 08- 23,476.25,467.0,478.25,465.5,84.52K,2.09%
2021- 03- 23,551.25,551.25,556.0,547.75,122.09K,0.41%
2022- 06- 16,788.25,774.0,792.0,773.0,121.54K,1.84%
2023- 11- 06,477.25,477.25,480.75,476.75,131.65K,0.00%
2024- 04- 01,435.5,441.75,442.0,432.25,200.47K,-1.53%
2022- 04- 28,816.0,816.25,823.5,811.0,47.63K,0.06%
2022- 10- 12,693.0,693.25,700.0,680.0,180.21K,0.00%
2022- 10- 05,684.0,683.0,687.5,675.75,114.32K,0.15%
2024- 02- 27,423.5,421.0,426.5,421.0,223.74K,4.05%
2023- 10- 11,488.0,485.5,488.5,483.5,102.59K,0.51%
2023- 09- 29,476.75,487.5,490.0,475.5,209.42K,-2.41%
2024- 05- 17,452.5,457.25,460.5,451.0,217.85K,-0.98%
2021- 02- 03,552.0,543.25,552.5,536.5,210.14K,1.66%
2021- 07- 30,547.0,557.0,557.75,546.5,65.20K,-1.97%
2023- 05- 24,587.25,577.0,589.75,574.0,152.82K,1.69%
2023- 11- 21,489.0,487.5,493.25,486.0,142.28K,0.31%
2023- 04- 07,643.5,643.5,643.5,643.5,,0.00%
2022- 09- 26,666.25,673.25,679.0,665.5,140.73K,-1.55%
2021- 01- 06,495.0,492.5,502.75,491.5,202.37K,0.66%
2022- 02- 11,651.0,641.0,657.75,637.75,243.97K,1.44%
2023- 12- 04,460.25,461.25,463.75,457.0,1.93K,-0.91%
2023- 01- 26,682.5,674.0,685.5,673.0,146.55K,1.15%
2022- 10- 24,681.5,682.25,686.5,677.25,119.46K,-0.40%
2021- 05- 20,664.5,662.25,671.25,656.5,119.73K,0.95%
2021- 08- 17,558.25,567.5,569.5,556.25,67.74K,-1.15%
2022- 09- 16,677.25,676.25,680.5,667.5,121.33K,-0.04%
2021- 02- 02,543.0,549.75,552.5,540.25,175.74K,-1.14%
2023- 01- 25,674.75,676.75,681.0,673.75,126.03K,-0.33%
2022- 07- 28,615.0,603.75,618.0,601.25,72.68K,2.46%
2022- 12- 22,660.5,662.0,664.75,658.75,79.92K,-0.26%
2022- 02- 15,638.0,655.0,655.5,635.5,177.96K,-2.71%
2024- 12- 05,435.0,429.5,436.0,428.25,164.27K,1.16%
2024- 04- 23,452.5,449.5,453.25,448.25,173.81K,2.90%
2022- 07- 05,736.0,750.25,765.0,726.0,3.78K,-2.45%
2021- 04- 23,655.5,653.0,658.5,638.25,157.73K,0.77%
2024- 08- 21,398.25,397.75,400.5,396.5,148.03K,0.06%
2023- 03- 13,624.5,622.25,629.0,622.25,0.54K,0.04%
2025- 02- 14,496.25,493.0,499.75,492.5,195.60K,0.56%
2023- 02- 16,676.0,676.5,677.25,673.25,134.97K,-0.04%
2024- 08- 06,405.25,407.0,409.0,402.0,135.71K,-0.43%
2022- 09- 05,667.38,667.38,667.38,667.38,,-0.24%
2021- 03- 09,562.0,565.0,565.0,554.25,2.22K,-0.53%
2021- 05- 18,658.25,653.5,669.5,652.5,161.91K,0.88%
2021- 06- 02,675.0,683.25,694.25,666.0,163.86K,-2.00%
2023- 05- 08,656.5,652.75,658.5,651.5,0.68K,0.50%
2022- 05- 13,794.5,808.0,808.0,808.0,0.03K,-2.34%
2021- 09- 20,521.75,527.0,527.0,515.25,125.36K,-1.04%
2024- 11- 20,440.0,437.25,441.75,435.0,184.19K,0.51%
2023- 01- 13,675.0,670.75,676.75,669.75,158.82K,0.60%
2024- 04- 25,441.0,437.75,442.0,436.0,168.02K,-1.67%
2022- 05- 02,813.0,811.5,814.0,798.0,2.85K,-0.64%
2021- 11- 09,554.75,551.0,564.0,547.75,246.90K,0.59%
2022- 12- 28,682.75,673.25,683.5,672.75,122.19K,1.19%
2022- 07- 15,604.25,606.75,612.0,596.0,81.57K,-13.06%
2023- 06- 12,617.25,609.0,623.75,608.75,208.16K,2.15%
2021- 09- 30,536.75,539.0,548.5,527.25,222.14K,-0.42%
2023- 01- 30,683.75,685.0,687.25,678.5,127.94K,0.11%
2021- 11- 17,575.25,570.75,584.0,570.0,185.38K,0.74%
2021- 04- 19,592.0,588.75,596.75,588.25,105.99K,1.11%
2024- 06- 13,458.5,453.5,460.5,453.5,296.25K,0.94%
2023- 09- 19,476.25,471.25,477.0,467.75,139.65K,1.01%
2022- 02- 16,647.0,637.75,647.75,636.25,126.55K,1.41%
2021- 10- 29,568.25,562.5,569.25,558.75,135.20K,0.98%
2023- 09- 12,463.25,473.5,473.5,462.75,0.17K,-1.70%
2022- 03- 29,726.25,746.25,747.5,713.5,180.17K,-2.97%
2021- 06- 01,688.75,666.0,696.75,660.75,163.97K,3.28%
2024- 05- 29,455.25,462.5,463.0,454.25,166.32K,-1.57%
2025- 04- 01,461.75,457.75,465.0,454.0,179.57K,0.98%
2022- 03- 25,754.0,748.5,755.25,742.5,73.85K,0.77%
2022- 09- 21,685.5,692.0,698.5,679.25,127.22K,-0.94%
2023- 06- 09,604.25,608.25,609.0,597.5,174.69K,-0.98%
2021- 07- 21,571.75,572.0,579.0,567.75,79.00K,0.00%
2022- 11- 02,687.5,696.5,697.25,680.0,168.33K,-1.47%
2022- 05- 06,792.25,800.0,800.0,784.25,1.25K,-1.43%
2021- 06- 24,653.25,664.0,664.0,650.75,143.75K,-1.66%
2023- 02- 08,678.5,673.75,679.5,672.75,223.79K,0.67%
2022- 05- 25,772.25,770.0,773.0,755.0,127.43K,0.06%
2021- 01- 08,496.25,494.0,499.5,492.5,163.27K,0.46%
2022- 07- 26,597.0,587.75,599.75,586.25,95.70K,2.93%
2024- 11- 15,424.0,418.75,425.0,417.0,218.57K,1.19%
2022- 02- 02,622.5,634.5,640.75,616.75,275.66K,-1.93%
2022- 05- 23,786.25,780.25,788.0,774.5,88.36K,0.96%
2022- 12- 29,679.5,681.75,682.25,677.25,104.94K,-0.48%
2023- 08- 29,469.5,476.5,483.0,468.5,98.80K,-1.88%
2023- 04- 12,656.0,651.0,658.5,648.75,150.11K,0.77%
2025- 01- 29,497.0,485.0,497.5,485.0,277.21K,2.42%
2025- 02- 20,512.75,512.0,518.0,511.75,167.19K,0.10%
2021- 08- 09,550.25,554.0,556.0,547.0,144.34K,-0.86%
2022- 03- 10,757.75,738.5,768.0,738.5,0.07K,3.10%
2021- 12- 14,588.75,583.25,591.0,576.75,0.12K,0.77%
2024- 06- 24,439.5,441.0,442.0,430.5,162.49K,-0.23%
2024- 09- 26,413.25,414.75,419.25,412.5,204.87K,-0.48%
2025- 02- 27,481.0,493.5,496.25,480.0,323.81K,-2.53%
2021- 04- 15,590.0,594.25,601.5,587.75,176.86K,-0.67%
2024- 05- 09,442.75,447.25,447.5,441.0,0.57K,-0.62%
2023- 05- 01,639.5,632.5,641.0,628.0,2.75K,0.55%
2022- 03- 21,756.25,746.5,765.0,743.0,93.78K,1.95%
2023- 10- 09,488.25,492.0,497.0,487.25,115.53K,-0.76%
2024- 02- 16,416.5,417.5,421.5,415.0,176.97K,-0.30%
2023- 08- 11,474.5,483.0,494.75,470.5,174.43K,-1.81%
2022- 08- 08,608.5,603.0,616.0,601.75,155.07K,-0.29%
2023- 09- 20,482.25,476.0,483.0,474.5,162.30K,1.26%
2022- 12- 01,650.0,661.75,663.75,647.0,8.57K,-1.81%
2023- 04- 18,677.5,676.0,682.5,669.75,130.89K,0.15%
2024- 09- 20,401.75,406.0,407.25,401.5,178.23K,-0.99%
2025- 01- 07,458.0,456.0,458.5,453.0,211.63K,0.05%
2023- 05- 25,590.75,587.5,593.0,583.5,145.55K,0.60%
2022- 09- 14,709.0,690.75,692.75,681.5,0.15K,0.00%
2024- 10- 04,424.75,427.5,427.5,423.0,165.35K,-0.82%
2021- 01- 13,524.5,524.0,541.5,522.25,327.69K,1.40%
2023- 03- 17,634.25,633.25,638.75,630.25,141.48K,0.24%
2021- 12- 15,585.75,590.0,596.5,582.0,138.52K,-0.51%
2021- 01- 27,534.0,532.5,543.75,529.5,223.89K,0.33%
2025- 01- 03,450.75,459.5,459.75,449.25,199.34K,-1.90%
2022- 01- 21,616.25,607.5,618.5,604.25,187.47K,0.86%
2025- 03- 18,458.75,461.0,462.5,455.25,177.17K,-0.49%
2024- 08- 26,386.5,390.75,391.0,385.0,251.69K,-1.15%
2025- 02- 07,487.5,495.5,496.5,485.5,287.30K,-1.56%
2023- 04- 26,641.5,648.0,652.25,641.0,65.29K,-0.77%
2023- 10- 06,492.0,496.0,499.0,491.5,125.23K,-1.11%
2024- 07- 12,402.0,400.0,404.75,391.0,211.32K,0.44%
2022- 04- 01,735.0,748.5,751.5,730.25,155.93K,-1.84%
2024- 05- 30,448.75,455.25,457.0,447.5,225.18K,-1.43%
2021- 08- 19,550.0,560.5,560.5,546.75,90.49K,-2.09%
2022- 02- 22,674.75,657.75,676.75,657.75,168.82K,3.13%
2025- 01- 22,484.25,489.5,492.25,482.5,264.54K,-1.17%
2021- 10- 19,530.25,532.0,537.0,529.5,119.08K,-0.47%
2023- 12- 06,464.75,467.75,473.0,463.75,0.35K,-0.80%
2022- 04- 22,793.0,798.75,807.5,783.5,140.80K,-0.78%
2022- 06- 02,730.25,731.25,739.25,726.25,127.14K,-0.14%
2022- 05- 26,765.0,762.75,772.5,757.5,104.92K,-0.94%
2024- 02- 07,434.25,438.5,439.25,432.75,245.42K,-1.03%
2021- 04- 07,560.5,555.75,562.25,553.75,158.00K,1.13%
2023- 06- 20,643.75,640.75,647.0,635.5,151.99K,0.55%
2022- 01- 18,599.5,592.75,600.75,588.25,141.74K,0.55%
2024- 03- 15,436.75,433.75,440.0,431.75,140.24K,3.37%
2021- 05- 06,759.5,761.0,768.0,746.25,2.42K,0.83%
2024- 06- 21,440.5,444.75,447.5,440.25,163.09K,-0.96%
2024- 08- 19,400.25,392.0,400.75,391.75,201.01K,1.97%
2022- 05- 19,783.25,782.0,789.75,773.25,106.42K,0.22%
2023- 09- 06,471.5,473.5,476.25,471.25,0.84K,0.11%
2022- 06- 28,759.5,747.5,762.75,744.25,86.04K,2.05%
2023- 01- 11,656.0,654.5,659.0,652.75,110.88K,0.15%
2021- 03- 30,539.25,546.25,547.5,533.75,136.03K,-1.37%
2021- 03- 24,553.25,551.0,553.75,548.25,92.01K,0.36%
2024- 06- 14,450.0,458.0,459.5,448.0,228.39K,-1.85%
2025- 02- 18,515.75,508.0,517.75,505.5,173.58K,3.93%
2022- 03- 16,730.0,756.75,757.0,726.75,106.54K,-3.69%
2023- 04- 04,653.75,657.0,657.5,648.5,140.10K,-0.61%
2021- 01- 19,526.0,531.5,534.25,523.25,188.56K,-1.03%
2024- 11- 26,428.0,432.5,434.0,425.5,323.71K,-1.15%
2021- 09- 22,525.5,517.0,526.25,516.0,112.33K,1.64%
2023- 01- 12,671.0,656.0,673.5,649.25,242.53K,2.29%
2022- 03- 15,758.0,745.25,759.0,736.0,89.35K,4.09%
2024- 04- 24,448.5,452.25,454.25,448.0,228.27K,-0.88%
2025- 03- 19,462.0,458.25,463.0,455.75,185.23K,0.71%
2024- 01- 09,459.25,454.75,460.5,451.75,215.15K,0.93%
2022- 11- 18,667.75,667.5,672.75,665.25,131.28K,0.04%
2023- 09- 26,479.75,481.0,483.5,476.5,117.59K,-0.31%
2024- 08- 12,401.5,394.75,403.0,390.25,295.71K,1.65%
2021- 12- 13,584.25,587.5,588.0,580.75,0.93K,-0.72%
2025- 03- 10,458.75,458.0,459.5,454.0,0.48K,-2.24%
2022- 09- 15,677.5,681.75,690.0,676.25,111.79K,-4.44%
2021- 12- 24,605.8,606.75,606.75,605.8,,0.01%
2023- 01- 17,685.25,671.5,687.0,668.75,179.92K,1.52%
2021- 02- 04,550.0,552.0,558.0,547.0,217.08K,-0.36%
2022- 07- 21,575.75,592.75,593.5,572.75,76.76K,-2.79%
2021- 06- 29,694.5,678.25,700.0,668.0,58.73K,2.81%
2024- 07- 10,395.75,393.75,398.0,390.75,221.92K,0.44%
2021- 06- 03,662.0,675.5,685.0,652.75,166.36K,-1.93%
2022- 07- 01,754.5,748.0,760.0,743.75,5.49K,1.45%
2023- 03- 31,660.5,648.75,664.5,647.25,201.89K,1.69%
2023- 05- 22,571.0,554.75,575.5,553.25,148.54K,2.98%
2021- 11- 18,573.0,575.0,583.0,572.0,171.42K,-0.39%
2022- 04- 25,800.25,796.75,802.0,784.75,114.12K,0.91%
2024- 04- 09,431.25,435.0,435.75,429.75,219.30K,-0.98%
2025- 03- 07,469.25,464.75,471.0,460.75,191.87K,1.13%
2023- 06- 13,612.5,617.0,625.0,610.75,202.99K,-0.77%
2024- 03- 06,418.0,413.25,416.25,412.0,2.54K,1.09%
2021- 07- 01,719.75,719.75,744.5,712.25,4.71K,-0.03%
2023- 09- 28,488.5,483.75,489.25,481.0,114.32K,1.09%
2022- 02- 01,634.75,626.0,639.5,624.5,196.30K,1.40%
2023- 11- 28,473.5,475.25,476.75,471.0,263.24K,-0.37%
2022- 03- 24,748.25,757.0,762.5,745.0,100.95K,-1.25%
2024- 10- 02,432.5,428.5,434.25,428.5,239.75K,0.82%
2021- 10- 28,562.75,556.5,568.75,554.0,164.26K,0.99%
2024- 12- 03,432.25,433.0,436.0,431.0,150.61K,-0.06%
2023- 12- 15,483.0,479.25,484.0,477.75,108.55K,5.75%
2023- 06- 02,609.0,592.5,610.5,581.25,199.86K,2.78%
2024- 10- 15,401.25,408.0,408.0,400.5,305.40K,-1.71%
2021- 02- 25,554.75,559.0,560.5,542.5,128.54K,-0.80%
2021- 11- 12,577.25,569.25,582.0,566.75,163.54K,1.36%
